episode,actor_loss
0,0.0
1,0.0
2,0.0
3,0.4615786323944728
4,0.0908835167065262
5,-0.0383949833922088
6,0.0463986438699066
7,0.2380419895052909
8,0.3723684847354889
9,0.5036566495895386
10,0.513490580022335
11,0.5239633023738861
12,0.5661451518535614
13,0.6668715924024582
14,0.8490824401378632
15,0.9428800344467164
16,1.037281513214111
17,1.0798262357711792
18,1.1284929811954498
19,1.0902605801820755
20,0.9779098033905028
21,1.2910306453704834
22,1.3480569124221802
23,1.2983944714069366
24,1.244010180234909
25,1.1656720340251925
26,1.0461822748184204
27,1.1879577338695526
28,1.3538112342357635
29,1.241671442985535
30,1.1428240537643433
31,1.3560139338175456
32,1.2756154537200928
33,0.9151156761429526
34,1.333584040403366
35,1.1049260768023403
36,1.1958407521247865
37,1.7702600806951525
38,1.4124831060568492
39,1.2597896456718445
40,1.1016657650470734
41,1.1511222839355468
42,1.5521393775939942
43,1.855889868736267
44,1.7000640392303468
45,1.3507664998372395
46,1.340819001197815
47,1.7089677453041077
48,1.74914813041687
49,1.6570669114589691
50,1.3816581037309434
51,1.610470747947693
52,1.7343156678336007
53,1.521243453025818
54,1.5784985303878785
55,1.626512989401817
56,1.6000877380371097
57,1.668116549650828
58,1.7934607714414597
59,1.7438167598512435
60,1.82259767705744
61,1.7570267021656036
62,1.6784157007932663
63,1.875392726489476
64,1.8228515684604645
65,1.6781614124774933
66,1.711092432339986
67,1.6204201698303222
68,1.6571815967559815
69,1.788104772567749
70,1.9188212156295776
71,1.9440962076187127
72,1.8982965648174288
73,1.9590717077255249
74,1.8963586330413813
75,1.9248440980911248
76,2.0395554542541503
77,2.0926191329956056
78,2.026562237739563
79,2.075289189815521
80,2.2100278309413364
81,2.0467349092165628
82,1.831433166157116
83,1.924562287330628
84,2.203007141749064
85,2.0663410058388343
86,2.126675033569336
87,2.202611071722848
88,2.024845600128174
89,1.8894494374593096
90,2.1093525687853494
91,2.339727592468262
92,2.094037320878771
93,2.189330244064331
94,2.556530872980753
95,2.171806469559669
96,1.951939066251119
97,2.1853548526763915
98,2.20995501109532
99,2.0823506832122805
100,2.3199657440185546
101,2.2306644916534424
102,2.022112114088876
103,2.468226058142526
104,2.3955871037074496
105,2.282810091972351
106,2.283656287193298
107,2.4715511798858643
108,2.301688035329183
109,2.274147242307663
110,2.1493052542209625
111,2.2340540885925293
112,2.3131669892205133
113,2.4013193051020303
114,2.347442603111267
115,2.1937601301405163
116,2.47487203280131
117,2.4628775914510093
118,2.476148631837633
119,2.214134335517884
120,2.323783659934997
121,2.583675801753998
122,2.3402060667673745
123,2.286200910806656
124,2.5752053558826447
125,2.3435750874606045
126,2.440307664871216
127,2.2427970833248563
128,2.531645006603665
129,2.294385576248169
130,2.237168550491333
131,2.43874868479642
132,2.321445971727371
133,2.482435888714261
134,2.3268524408340454
135,2.283136738671197
136,2.3574315971798367
137,2.0898099740346274
138,2.506171226501465
139,2.6403608322143555
140,2.3886040687561034
141,2.2317020893096924
142,2.4612276792526244
143,2.590152899424235
144,2.4571621417999268
145,2.367520014444987
146,2.297653913497925
147,2.462562590837478
148,2.488164007663727
149,2.2889451503753664
150,2.1258216500282288
151,2.2488950888315835
152,2.4973503053188324
153,2.5738715330759683
154,2.5428407986958823
155,2.57839584350586
156,2.529586493968964
157,2.419104874134064
158,2.363016128540039
159,2.28667426109314
160,2.1392210324605307
161,2.047938013076782
162,2.107536733150482
163,2.258367478847504
164,2.4315427780151366
165,2.5324264764785767
166,2.5231695969899497
167,2.403538783391317
168,2.2893408934275308
169,2.267161210378011
170,2.2774486541748047
171,2.342179775238037
172,2.4933939774831138
173,2.586559295654297
174,2.546022812525431
175,2.416676521301269
176,2.365684509277344
177,2.4949082732200623
178,2.481006503105164
179,2.3667508959770203
180,2.4233821034431458
181,2.4630699157714844
182,2.4467263221740723
183,2.3103602528572083
184,2.201736807823181
185,2.292078018188477
186,2.541291892528534
187,2.627049624919892
188,2.484373688697815
189,2.42095160484314
190,2.513764301935832
191,2.6488728523254395
192,2.668112675348917
193,2.433332284291585
194,2.1208123763402305
195,2.283394734064738
196,2.6364672422409057
197,2.609126751239484
198,2.391244714910334
199,2.2442268458279697
200,2.575052653040205
201,2.376971263151902
202,2.682494466955012
203,2.192627817392349
204,2.5241113185882567
205,2.3356790853583296
206,2.524815032356664
207,2.5182316953485664
208,2.369042682647705
209,2.616317480802536
210,2.792435550689697
211,2.451677083969116
212,2.202584945238553
213,2.723407851325141
214,2.419984440008799
215,2.402592579523722
216,2.6075381210872104
217,2.3031019297513096
218,2.172690987586975
219,2.4989569187164307
220,2.5274980664253235
221,2.2330938686024058
222,2.4334340625339084
223,2.40950506074088
224,2.5507355451583864
225,2.4972968101501465
226,2.285958218574524
227,2.546267181634903
228,2.266420920689901
229,2.290148437023163
230,2.5482484010549693
231,2.4179490513271755
232,2.431941043762934
233,2.4208377997080484
234,2.454365332921346
235,2.4447039257396352
236,2.216869171927957
237,2.032507618268331
238,2.369185822350638
239,2.446293910344442
240,2.599474382400513
241,2.4401992559432983
242,2.2854637529539024
243,2.25889027819914
244,2.180439074834188
245,2.382159164973668
246,2.1990562260150908
247,2.175356358289718
248,2.2944138050079346
249,2.3854135990142824
250,2.42743100060357
251,2.1544708410898843
252,2.1814196904500327
253,2.2761047780513763
254,2.097990982234478
255,2.1328150729338327
256,2.096361574373747
257,2.201070005243474
258,2.263927546414462
259,2.305018742879232
260,2.1778277158737183
261,2.0579445276941573
262,2.21654212474823
263,2.0657498174243503
264,2.0880988597869874
265,2.137898751667568
266,1.9923764142123133
267,2.034349952425276
268,2.1105910658836367
269,1.839932118143354
270,1.9803027239712805
271,2.232031011581421
272,2.180528211593628
273,2.024901952062334
274,2.062879664557321
275,2.1914153780256
276,2.180063486099243
277,2.086637496948242
278,2.15230929851532
279,2.2015643566846848
280,1.964200280606747
281,2.0975489914417267
282,2.1067925583232534
283,1.9951000958681109
284,2.0158587098121643
285,1.8963865786790848
286,2.0638781235768247
287,1.865898422896862
288,1.8039752691984177
289,1.848897024989128
290,1.9275521834691365
291,2.1970215944143443
292,2.0818516526903426
293,1.895065767424447
294,2.119668418710882
295,2.16879685719808
296,1.9956891238689425
297,1.912579842976161
298,2.016948779424032
299,2.07294397354126
300,2.0335501432418823
301,1.9658647775650024
302,1.8882262855768204
303,1.845385750134786
304,1.8729605504444664
305,1.869956979384789
306,2.033554332596915
307,1.9611507389280527
308,1.6479144436972482
309,1.608073115348816
310,1.5752335786819458
311,1.5873613357543943
312,1.7318323373794555
313,1.9883280992507928
314,1.841414137320085
315,1.855723857879639
316,1.8639693790011933
317,1.9406382242838545
318,1.916234016418457
319,2.047709835900201
320,1.9254763722419737
321,1.779783566792806
322,1.810396790504456
323,1.9240442779329088
324,2.0023260513941445
325,1.999595010280609
326,1.7384323206814851
327,1.7463808059692385
328,1.7806416749954224
329,1.7444489479064942
330,1.7261861920356751
331,1.870071980688307
332,1.7813192435673304
333,1.710001826286316
334,1.6740831401613023
335,1.8098591433631048
336,1.8213229775428768
337,1.712383822961287
338,1.845479889349504
339,1.7131823131016322
340,1.5705022982188634
341,1.6699379550086126
342,1.6808772325515746
343,1.6617385864257812
344,1.8338518500328065
345,1.94054381052653
346,1.9388897248676844
347,1.8115677952766416
348,1.7425416707992554
349,1.7426736138083718
350,1.7008321114948817
351,1.7918773239309138
352,1.5939582735300064
353,1.4427906383167617
354,1.7927502075831094
355,1.730098557472229
356,1.53977636496226
357,1.6360504388809205
358,1.6751582963126046
359,1.7212998516419356
360,1.92049465974172
361,1.612817068894704
362,1.49348726442882
363,1.591863458806818
364,1.7997344930966694
365,1.8102006571633475
366,1.639441622628106
367,1.656307305608477
368,1.8135535915692649
369,1.813820451498032
370,1.608345866203308
371,1.6271644830703735
372,1.739763651575361
373,1.7851690318849351
374,1.873785182833672
375,1.7172913551330566
376,1.5857991576194763
377,1.4763349294662476
378,1.4375183820724486
379,1.3805213451385498
380,1.4319449663162231
381,1.6425877690315247
382,1.7775082111358642
383,1.75625737508138
384,1.73189857006073
385,1.5565765649080276
386,1.5532973527908325
387,1.6574567556381226
388,1.7239895300431685
389,1.744114637374878
390,1.6808806657791138
391,1.6327120065689087
392,1.826128159250532
393,1.9199631214141848
394,1.743232318333217
395,1.6861753940582276
396,1.6801773309707642
397,1.7375075817108154
398,1.732287436723709
399,1.3816179434458415
400,1.5246882836023967
401,1.7193470001220703
402,1.5918240017361112
403,1.6172381440798442
404,1.5971967440385084
405,1.485945463180542
406,1.512977421283722
407,1.50700729233878
408,1.559553563594818
409,1.6070396729878016
410,1.645049214363098
411,1.7403586762292045
412,1.7597888708114624
413,1.7329237759113312
414,1.7167409896850585
415,1.6677192151546478
416,1.3799869656562804
417,1.35969877243042
418,1.5733511107308524
419,1.614941143989563
420,1.4154552391597204
421,1.4199385046958923
422,1.4623695271355766
423,1.5843552691595897
424,1.6191553831100465
425,1.674725612004598
426,1.7145303249359132
427,1.5897125720977785
428,1.5151235163211825
429,1.468235691388448
430,1.3705844680468242
431,1.3037194311618805
432,1.2990933954715729
433,1.381437639395396
434,1.5052865743637085
435,1.6837706367174785
436,1.7710537612438202
437,1.6544586221377056
438,1.54538893699646
439,1.4724166989326477
440,1.5561328785760062
441,1.6305550336837769
442,1.7004022598266602
443,1.539962601661682
444,1.4108424663543702
445,1.404232144355774
446,1.4773968628474643
447,1.6843956879207067
448,1.805367509524028
449,1.838723811236295
450,1.667463677270072
451,1.5557242780923843
452,1.679294854402542
453,1.7904091775417328
454,1.7451091289520264
455,1.5820375680923462
456,1.4771359860897064
457,1.4300471246242523
458,1.3824554284413657
459,1.3005823493003843
460,1.2269510924816132
461,1.2443171342213948
462,1.328217715024948
463,1.4326375722885132
464,1.4557714660962422
465,1.53574737906456
466,1.6939029216766357
467,1.8100809454917908
468,1.775909965688532
469,1.525440692901611
470,1.2794964058058602
471,1.2900921901067095
472,1.3362283110618591
473,1.3647074302037556
474,1.453880286216736
475,1.6200250387191772
476,1.762770801782608
477,1.722640424966812
478,1.6537091255187988
479,1.5693819224834442
480,1.484518786271413
481,1.3816334307193756
482,1.333904544512431
483,1.299255649248759
484,1.2722281515598295
485,1.3168530941009522
486,1.414096975326538
487,1.4840667645136516
488,1.4996522903442382
489,1.5311498471668787
490,1.6205171996896917
491,1.717346489429474
492,1.7442050278186798
493,1.7349989116191864
494,1.5957718160417345
495,1.5661362750189645
496,1.7008063793182373
497,1.8767221868038173
498,1.852733055750529
499,1.6589914083480837
500,1.5404489278793334
501,1.6193768653002651
502,1.822658449411392
503,1.8704121708869927
504,1.6195374594794378
505,1.3681117296218872
506,1.3291447559992473
507,1.3720033466815948
508,1.4387674033641815
509,1.496038019657135
510,1.5210373103618622
511,1.585980862379074
512,1.686780959367752
513,1.7369073629379272
514,1.676037621498108
515,1.6327383319536846
516,1.6253457069396973
517,1.610113114118576
518,1.6171651780605316
519,1.622023344039917
520,1.668221116065979
521,1.6774223566055295
522,1.6721171617507935
523,1.8130694031715395
524,1.6814732154210408
525,1.5827551782131195
526,1.608980804681778
527,1.6977965235710144
528,1.783907625410292
529,1.6851091980934143
530,1.596976486119357
531,1.7715516835451126
532,1.8837678730487823
533,1.659837897007282
534,1.580791676044464
535,1.6371738016605375
536,1.707555929819743
537,1.725868034362793
538,1.700250354680148
539,1.6364797078646147
540,1.5197396874427795
541,1.511056512594223
542,1.7695545181632042
543,1.8013375520706176
544,1.778493881225586
545,1.6949022114276886
546,1.7822231948375702
547,1.740161657333374
548,1.713562548160553
549,1.7589380502700809
550,1.8079425692558289
551,1.870108723640442
552,1.716386372392828
553,1.7501601099967956
554,1.8540001213550568
555,1.6800302267074585
556,1.5479022413492205
557,1.679675269126892
558,1.7599108861042905
559,1.839514672756195
560,1.7829933166503906
561,1.7097224593162537
562,1.6235625346501668
563,1.7055056889851887
564,1.8452937602996824
565,1.8350579738616943
566,1.8660537600517275
567,1.8007741371790569
568,1.7493848970958166
569,2.0033434629440308
570,1.9778721809387207
571,1.6718077262242634
572,1.6721120013131037
573,1.806554451584816
574,1.9050865073998768
575,1.7410164177417755
576,1.6898684246199471
577,1.8471172153949733
578,1.962282564904955
579,1.811634182929993
580,1.622053235769272
581,1.5274008909861247
582,1.54141104221344
583,1.6477927416563034
584,1.8049284517765043
585,1.932350873947144
586,1.8986355662345888
587,1.8112892253058297
588,1.8134299397468567
589,2.018642731010914
590,1.8586772561073304
591,2.0263996389177112
592,1.915794332822164
593,1.700864553451538
594,1.7462579965591432
595,1.912305402755737
596,1.9172893251691543
597,1.8177949825922648
598,1.997610116004944
599,1.960132908821106
600,1.9002580404281617
601,1.9065704686301093
602,1.6815222176638516
603,1.6842681884765625
604,1.9137041568756104
605,1.9272478222846985
606,1.905216360092163
607,1.8073907613754272
608,1.7569906413555143
609,1.788127064704895
610,1.946194741461012
611,2.0655440262385776
612,1.9188116788864136
613,1.869236379861832
614,1.900239443778992
615,1.9352510902616715
616,1.7883389646356755
617,1.8930490612983704
618,2.002586225668589
619,2.2111080752478705
620,2.1624221563339234
621,2.087195634841919
622,2.0395827293396
623,2.015219449996948
624,1.9644125699996948
625,1.842092718396868
626,1.83069771528244
627,1.9007036328315727
628,1.980243873596192
629,1.839037299156189
630,1.793662918938531
631,1.9089175462722776
632,1.9461432960298328
633,1.8551245169206096
634,1.963244358698527
635,2.2484656095504763
636,2.304731811795916
637,1.966659680008888
638,1.7867637872695925
639,1.8659507274627685
640,2.0194870630900064
641,2.05631628036499
642,1.8871042430400848
643,1.8431987629996405
644,2.1596132119496665
645,2.324504917318171
646,2.031036070414952
647,1.9847125325884136
648,2.0459006428718567
649,1.9725632071495056
650,1.974168062210083
651,2.0329967498779298
652,2.199251933531328
653,2.221396207809448
654,2.198828220367432
655,1.9787254163197108
656,1.8920802076657608
657,1.9775993824005127
658,2.0612686740027533
659,1.917734098434448
660,1.862278521060944
661,1.9638264690126688
662,2.2329762458801268
663,2.356691026687622
664,2.1381710442629727
665,1.8138177394866943
666,1.8750672539075213
667,1.955569783846537
668,2.06024341583252
669,2.137223148345947
670,2.041132542822096
671,1.9721815884113312
672,2.0140085965394974
673,1.969057849475316
674,2.0341493231909618
675,2.1529650390148163
676,2.1075078725814818
677,2.097605443000793
678,2.11810040473938
679,2.058845472335816
680,2.040492018063864
681,1.968025732040405
682,1.9557193319002788
683,2.11619131905692
684,2.2986907005310058
685,2.25437605381012
686,2.102950703014027
687,1.992674545808272
688,2.11692363023758
689,2.179552602767944
690,2.1368281500680104
691,2.0689454674720764
692,1.9561134725809093
693,2.015684723854065
694,2.042089660962423
695,2.1039342482884726
696,2.109524965286255
697,2.0937037467956543
698,2.1268019676208496
699,2.062620186805725
700,2.225324324199132
701,2.040909250577291
702,1.946226681981768
703,2.053233727812767
704,2.200451691945394
705,2.275541400909424
706,2.228562927246094
707,2.083086907863617
708,1.920237258076668
709,1.9545564850171409
710,2.1915989398956297
711,2.302405953407288
712,2.2529629468917847
713,2.1199867725372314
714,2.105670988559723
715,1.9165339867273967
716,1.830898404121399
717,1.924819389979045
718,2.166655193675648
719,2.215442752838135
720,2.162032699584961
721,2.174840211868286
722,2.2383624773759108
723,1.994879943983896
724,2.045909917354584
725,2.052622123198076
726,1.982592264811198
727,2.197592353820801
728,2.249898221757677
729,2.051597142219544
730,1.9379927941731043
731,2.100266084074974
732,2.2214418411254884
733,2.3433090150356293
734,2.266793886820475
735,2.1802196741104125
736,2.0935418605804443
737,2.171265057155064
738,2.1618318055805408
739,2.3823197285334268
740,2.3102911949157714
741,2.133862495422364
742,2.0825939774513245
743,2.0813938776652017
744,2.090159045325385
745,2.0439431269963584
746,2.1738877296447754
747,2.4488049507141114
748,2.3794074058532715
749,2.187105621610369
750,2.014067734990801
751,1.9963109493255613
752,2.13163298368454
753,2.20510516166687
754,2.16065400838852
755,2.085997990199498
756,2.0868488379887173
757,2.1871007680892944
758,2.180886894464493
759,2.008480098512438
760,1.9256362574441093
761,2.073433955510457
762,2.1942442417144776
763,2.1592230796813965
764,2.0750348567962646
765,2.1141452355818315
766,2.1505823135375977
767,2.1253058115641275
768,2.029634666442872
769,1.958090037107468
770,1.972256988286972
771,1.9799228310585024
772,2.080889582633972
773,2.124121824900309
774,2.154731194178263
775,1.9673906564712524
776,1.8717856407165527
777,2.0924436251322427
778,2.17900406397306
779,2.0642090439796448
780,2.165258884429932
781,2.291867733001709
782,2.3027583360672
783,2.2772559324900308
784,2.2535778880119324
785,2.2351385865892683
786,2.2346917390823364
787,2.179896171276386
788,2.0479382038116456
789,2.142180247740312
790,2.198948621749878
791,2.189013183116913
792,2.4018646478652954
793,2.2816749811172485
794,2.060910731554032
795,1.978103280067444
796,2.0167458295822143
797,2.2498008012771606
798,2.0981123208999635
799,2.067018151283264
800,2.251571607589722
801,2.3665485978126526
802,2.2380018601050744
803,2.1144510182467373
804,2.2342303139822826
805,2.1761628091335297
806,2.184618333975474
807,2.105242230675437
808,2.1736652851104736
809,1.9838806986808777
810,1.964019623669711
811,2.2559326688448587
812,2.219076061248779
813,2.247520852088928
814,2.385211381045255
815,2.3142539395226374
816,2.1413054943084715
817,1.988902661535475
818,2.015140175819397
819,1.9844571828842164
820,2.111563642819722
821,2.106362819671631
822,2.012412428855896
823,2.107494570992209
824,2.341733376185099
825,2.368192195892334
826,2.1615116596221924
827,1.964465782046318
828,1.940229641066657
829,2.100292921066284
830,2.2547953923543296
831,2.2427327036857605
832,2.131427745024363
833,2.0764200157589383
834,2.106164187192917
835,2.1096368176596507
836,2.08379864692688
837,2.161089760916574
838,2.297625541687012
839,2.3262875080108643
840,2.031976222991944
841,1.9726659911019464
842,2.051584164301554
843,2.235125621159872
844,2.2661842703819275
845,2.223160147666931
846,2.367307734489441
847,2.3730488618214927
848,2.135181582891024
849,1.946272039413452
850,1.99744725227356
851,2.240382332550852
852,2.1520040035247803
853,2.051571329434713
854,2.1088778177897134
855,2.195519208908081
856,2.1458356380462646
857,2.009218776226044
858,2.099073886871338
859,2.119688701629639
860,2.2796051502227783
861,2.217547416687012
862,2.199593955820257
863,2.257143259048462
864,2.084589257836342
865,1.9480520486831665
866,2.148080553327288
867,2.1645200729370115
868,2.0370041773869443
869,2.18336193902152
870,2.209007666661189
871,2.025082098113166
872,1.987392810674814
873,2.014760593573252
874,2.178689420223236
875,2.43740742856806
876,1.925286889076233
877,2.081545795713152
878,2.032531448772976
879,1.9565132856369016
880,1.954803317785263
881,1.951063374678294
882,2.012833905220032
883,2.1252881050109864
884,2.18096729687282
885,2.01662335225514
886,1.983780198627048
887,1.943284273147583
888,1.9529145807027817
889,2.040971040725708
890,2.2273062070210776
891,2.055893267904009
892,2.203877657651901
893,2.22645902633667
894,2.018686073166984
895,1.823763871192932
896,1.930391828219096
897,2.1109302910891445
898,2.0559531450271606
899,2.02548554965428
900,1.9602195207889264
901,1.9382332455028184
902,1.956635594367981
903,1.978687822818756
904,2.0521283388137816
905,2.0174380987882614
906,1.975715722356524
907,2.017398544720241
908,2.0101161996523538
909,2.139451771974564
910,2.1803863843282065
911,2.151952624320984
912,2.2189333915710447
913,2.230929374694824
914,2.144447445869446
915,1.933111560344696
916,1.808597660064697
917,1.8180692434310912
918,1.8691027164459229
919,2.0563931465148926
920,2.1017293400234647
921,2.0010698586702347
922,1.944721167737788
923,1.89133050441742
924,1.9890493392944333
925,2.1302987166813443
926,2.217249155044556
927,2.041072036538805
928,2.009710321823756
929,2.0750949680805206
930,2.08544282913208
931,2.042726993560791
932,1.9082531332969663
933,1.8908870220184328
934,1.920666265487671
935,1.881516655286153
936,1.922688364982605
937,1.8842926025390625
938,1.980078315734864
939,2.1334262788295746
940,2.1507726192474363
941,1.9769485195477805
942,1.912492275238037
943,1.973253920674324
944,2.0436693280935287
945,2.121198236942292
946,2.069603068487985
947,2.01971735060215
948,1.947122871875763
949,1.8054452737172444
950,1.8079461852709453
951,1.8416742384433744
952,1.887217962741852
953,1.9642419666051865
954,1.8615831851959228
955,1.763782024383545
956,1.753483772277832
957,1.751712475504194
958,1.885670866285052
959,1.9326122999191284
960,1.9173257521220617
961,1.914788722991944
962,2.0272529295512607
963,2.032285238567152
964,2.03593553437127
965,1.9205604110445296
966,1.9363682799869115
967,2.020816829469469
968,1.9628732919692995
969,2.0305907196468778
970,1.966001644730568
971,1.955533411767748
972,1.9583217700322468
973,2.0644393307822093
974,1.987181231379509
975,1.8619101728711809
976,1.8283993403116865
977,1.7339339426585607
978,1.7123409850256783
979,1.819873049855232
980,1.845211046082633
981,1.9336142539978027
982,1.9308257273265288
983,1.9017675121625264
984,1.9597086225237168
985,2.0022142955235074
986,1.898161496434893
987,1.7916938662528992
988,1.8168782676969253
989,1.8281223773956297
990,1.8773726054600304
991,1.9434899161843693
992,2.0279743522405624
993,1.9225582480430603
994,1.88734648625056
995,1.883620063463847
996,1.9982386976480484
997,2.089992801348368
998,1.9801951911714344
999,1.9096866937784047
1000,1.836244889668056
1001,1.9228181622245093
1002,2.06847091515859
1003,1.99790720641613
1004,1.8333165248235064
1005,1.784216501496055
1006,2.013885597387949
1007,2.0685217655622044
1008,1.93705157438914
1009,1.7817801117897034
1010,1.7325931310653686
1011,1.87790322303772
1012,1.9342146396636963
1013,1.9099711418151848
1014,1.679115891456604
1015,1.797129288315773
1016,1.8932956457138064
1017,1.917811022864448
1018,1.817523411342076
1019,1.8962915677290697
1020,1.9112819758328523
1021,1.914696860313416
1022,2.0342709124088287
1023,1.918608512197222
1024,1.6505544185638428
1025,1.6116802862712316
1026,1.8444683998823168
1027,2.150786551562222
1028,2.084565507041084
1029,1.8359402120113373
1030,2.0033583641052246
1031,1.928771239060622
1032,1.753453254699707
1033,1.7181812922159831
1034,2.0235888307744805
1035,2.126920700073242
1036,2.0862953662872314
1037,1.999142110347748
1038,1.835640347920932
1039,1.816348089112176
1040,1.9786665320396424
1041,2.014411556720733
1042,1.949439661843436
1043,1.9776808818181355
1044,1.932294525206089
1045,1.669045524937766
1046,1.7191664088856091
1047,1.9968916433198112
1048,2.076736901487623
1049,1.9123971164226528
1050,1.7890213186090642
1051,1.601666808128357
1052,1.7153891682624818
1053,1.8096784608704704
1054,1.707376499970754
1055,1.7430737955229625
1056,1.985282990667555
1057,1.94321475426356
1058,1.876689845865423
1059,1.90454439683394
1060,1.820818454027176
1061,1.7901050249735515
1062,1.7954521459691666
1063,1.823888087272644
1064,1.852727961540222
1065,1.910779669880867
1066,1.826494574546814
1067,1.6887158155441284
1068,1.6758350133895874
1069,1.741584375500679
1070,1.7993123084306717
1071,1.8340494367811413
1072,1.8666461805502568
1073,2.0169811844825745
1074,1.7165892936966636
1075,1.5230597427913122
1076,1.6307060718536377
1077,1.70745849609375
1078,1.959038190543652
1079,1.9758687913417816
1080,1.7791049480438232
1081,1.6780570447444916
1082,1.7672921975453697
1083,1.82852724351381
1084,1.8617565830548604
1085,1.766526634042913
1086,1.833374820649624
1087,1.655749993664878
1088,1.7689531909094915
1089,1.9593205451965328
1090,2.078105747699737
1091,1.981274962425232
1092,1.7916677364936242
1093,1.7497066391838922
1094,1.9471925020217893
1095,2.0497390826543174
1096,1.9392689374776988
1097,1.938122630119324
1098,2.005437159538269
1099,1.828225200826472
1100,1.7431391954421998
1101,1.8054161469141643
1102,1.8154830932617188
1103,1.836071411768596
1104,1.8530989620420668
1105,1.7639086484909057
1106,1.7633849084377289
1107,1.942736268043518
1108,1.881841391324997
1109,1.7286684811115265
1110,1.7237440215216742
1111,1.706031424658639
1112,1.7292348980903625
1113,1.726790482347662
1114,1.653791321648492
1115,1.6363246589899063
1116,1.7492870343358893
1117,1.92298952738444
1118,2.0270390063524246
1119,1.953301787376404
1120,1.6800229748090107
1121,1.5989170339372425
1122,1.838692628420316
1123,1.9038174322673247
1124,1.8189372385249416
1125,1.8700812757015228
1126,1.90147545337677
1127,1.8145200312137604
1128,1.7813993692398071
1129,1.7601161450147629
1130,1.6481770012113783
1131,1.5869912164551871
1132,1.6762689881854589
1133,1.6925068753106254
1134,1.6343367576599122
1135,1.653419628739357
1136,1.6344029903411863
1137,1.5924376050631206
1138,1.6393523514270782
1139,1.7066183686256409
1140,1.6360091500812106
1141,1.5114085674285889
1142,1.5228258967399595
1143,1.7079663972059886
1144,1.7848337021741
1145,1.7197460637373083
1146,1.711584639549255
1147,1.7266507893800735
1148,1.3650630254011888
1149,1.4744264384110768
1150,1.6032709181308746
1151,1.5927424005099706
1152,1.5694746673107147
1153,1.5113563812696016
1154,1.5207896365059748
1155,1.593159059683482
1156,1.6451308216367448
1157,1.6479620695114137
1158,1.6397896138104526
1159,1.6969652622938156
1160,1.5383009655135018
1161,1.5345863785062517
1162,1.6680002212524414
1163,1.638573203768049
1164,1.5422668348659168
1165,1.5704074038399591
1166,1.8122921943664552
1167,1.596748173236847
1168,1.3956203725602891
1169,1.4738311086382183
1170,1.575801181793213
1171,1.5705380580004524
1172,1.3968690368864272
1173,1.411811590194702
1174,1.4693764448165894
1175,1.5470401048660278
1176,1.7723266644911333
1177,1.732278794050217
1178,1.5494411521487763
1179,1.4138793093817574
1180,1.3510058323542278
1181,1.4793681542078654
1182,1.4326549938746862
1183,1.460010901093483
1184,1.5734740992387135
1185,1.6592665791511536
1186,1.619603741168976
1187,1.5567395240068436
1188,1.494546156663161
1189,1.4728236675262452
1190,1.4499842325846355
1191,1.5421940769468034
1192,1.5793869346380234
1193,1.5506292432546616
1194,1.4808230698108673
1195,1.390777125954628
1196,1.400726925243031
1197,1.4383734941482544
1198,1.4337347854267468
1199,1.596256481276618
1200,1.6058516177264126
1201,1.7073606997728348
1202,1.59449565410614
1203,1.3507432142893474
1204,1.3567073106765748
1205,1.4333323240280151
1206,1.5067460196358815
1207,1.5327410697937012
1208,1.5042917387826102
1209,1.4301534096399944
1210,1.5213963031768798
1211,1.581180975987361
1212,1.66180419921875
1213,1.6204130748907726
1214,1.627086117863655
1215,1.5034537655966622
1216,1.4364244441191356
1217,1.4406819173267909
1218,1.463337540626526
1219,1.4303469128078885
1220,1.476773821390592
1221,1.5732796650666456
1222,1.5570981875061989
1223,1.530398353934288
1224,1.585447534918785
1225,1.5467371429715835
1226,1.3876150505883351
1227,1.3086916548865182
1228,1.3226225205830164
1229,1.352281928062439
1230,1.3437880277633667
1231,1.390801191329956
1232,1.5038416385650637
1233,1.499160064591302
1234,1.4133250266313553
1235,1.3889174103736877
1236,1.4033519881112235
1237,1.4967883891529508
1238,1.4213038550482855
1239,1.3955759568647903
1240,1.381672077708774
1241,1.3991010699953352
1242,1.515562281012535
1243,1.430021474758784
1244,1.3669755118233815
1245,1.3840246475659883
1246,1.3886132001876832
1247,1.2959465980529783
1248,1.2300933202107749
1249,1.2679444909095765
1250,1.4320418983697891
1251,1.5149251222610474
1252,1.4459892402995715
1253,1.3851278225580852
1254,1.2910669379764133
1255,1.2641007048743111
1256,1.2451640367507937
1257,1.2055349808472853
1258,1.2067236730030604
1259,1.1342535700116838
1260,1.101340726017952
1261,1.153349220752716
1262,1.158717427934919
1263,1.1626005172729492
1264,1.194094109535217
1265,1.305109366774559
1266,1.4552598340170724
1267,1.4982442776362102
1268,1.457836240530014
1269,1.4448204148899426
1270,1.3859906196594238
1271,1.3025906085968018
1272,1.26598459482193
1273,1.288288686010573
1274,1.296264922618866
1275,1.2844019787652152
1276,1.364204832485744
1277,1.4396637976169586
1278,1.4937235787510872
1279,1.3692974299192429
1280,1.3042984689985002
1281,1.3073729395866394
1282,1.3266405633517675
1283,1.4628174134663172
1284,1.4418289065361023
1285,1.4077554146448772
1286,1.2652593586179943
1287,1.1960009932518003
1288,1.2284456342458725
1289,1.3621829822659492
1290,1.4083878596623738
1291,1.203036203103907
1292,1.1711561246351765
1293,1.2600433190663656
1294,1.290595713783713
1295,1.2879836062590282
1296,1.2083394486328651
1297,1.3496129512786863
1298,1.3829449231808002
1299,1.2489412307739258
1300,1.1264162574495589
1301,1.1451167193326084
1302,1.1900294102155244
1303,1.1880584955215454
1304,1.1865366220474245
1305,1.193983486720494
1306,1.2025196211678642
1307,1.2139277628489904
1308,1.1412514944871266
1309,1.1444520751635234
1310,1.196071481704712
1311,1.1776541471481323
1312,1.1463307492873247
1313,1.206710358460744
1314,1.2937281998721035
1315,1.3136371850967408
1316,1.1268362658364433
1317,1.0510832601123383
1318,1.0713716586430868
1319,1.1799246810731434
1320,1.1207459614827082
1321,1.1440033912658691
1322,1.0645493223116949
1323,0.9701154828071594
1324,0.9505054884486728
1325,0.985075831413269
1326,0.9850209951400756
1327,0.9424825236201286
1328,0.9307948872447014
1329,0.9287476912140846
1330,0.9765549153089524
1331,1.0115691754553051
1332,1.0533629826137
1333,1.1117002844810486
1334,1.14797905087471
1335,1.1269092679023742
1336,1.0637150704860687
1337,1.0538328091303508
1338,1.0610936539513725
1339,1.115461025919233
1340,1.220581399069892
1341,1.15058343940311
1342,1.053363487124443
1343,1.0153477042913437
1344,1.0428233593702316
1345,1.084391610963004
1346,1.070205132166545
1347,1.043168768286705
1348,0.981916069984436
1349,0.9455826878547668
1350,0.982606393950326
1351,1.0101361189569746
1352,1.0697680711746216
1353,1.1125621646642685
1354,1.1254188162939889
1355,1.108205036683516
1356,1.169542363711766
1357,1.1426577893170444
1358,1.0433670282363892
1359,1.0135157108306885
1360,1.0150938034057615
1361,1.030062460899353
1362,1.0454256534576416
1363,1.023798651993275
1364,0.97257091317858
1365,0.967721976339817
1366,0.9412130266427994
1367,0.9477845728397368
1368,0.9647639294465384
1369,1.001279856477465
1370,1.0042319496472676
1371,0.995942771434784
1372,0.9284525258200508
1373,0.897921547293663
1374,0.8992193986972173
1375,0.8502103351056576
1376,0.9133128643035888
1377,0.9148460901700534
1378,0.9157633510502902
1379,0.9456471726298332
1380,1.005508005619049
1381,1.0073963953898504
1382,0.9171889007091524
1383,0.8799244978211143
1384,0.9341776172320048
1385,1.0026154007230486
1386,1.011567751566569
1387,0.9476761051586696
1388,0.9232389728228252
1389,0.9324522793293
1390,0.8820086386468675
1391,0.9430392136176428
1392,0.9868786931037904
1393,0.939513820868272
1394,0.8779212534427643
1395,0.8747711947986058
1396,0.9059380955166288
1397,0.9191209822893144
1398,0.910127215915256
1399,0.9503326018651328
1400,0.9632845683531328
1401,0.9150739908218384
1402,0.8945441571148959
1403,0.8292670130729676
1404,0.805783578327724
1405,0.7913701087236404
1406,0.8491695702075959
1407,0.9450763821601867
1408,0.9862063316737903
1409,1.063155812876565
1410,0.9824811897494576
1411,0.9130503589456732
1412,0.961001048485438
1413,0.9993552224976676
1414,1.0548855577196394
1415,1.0382863998413083
1416,0.9608264744281768
1417,0.8776631192727522
1418,0.8013017574946085
1419,0.7900130663599286
1420,0.8601238802075386
1421,0.9436347285906472
1422,0.8567355229304388
1423,0.8232101457459586
1424,0.8492359966039658
1425,0.9343218962351482
1426,0.8997726837793986
1427,0.828968796465132
1428,0.7746009111404419
1429,0.7671341804357675
1430,0.8157097834807175
1431,0.9296439321417558
1432,0.8937970876693726
1433,0.8649645199378332
1434,0.8379109639387864
1435,0.8644900236810956
1436,0.9035932975155968
1437,0.8227190732955932
1438,0.7806977412917397
1439,0.789654403924942
1440,0.7643769979476929
1441,0.7785581449667612
1442,0.824186734855175
1443,0.8422671424018012
1444,0.8336427753621881
1445,0.827467568218708
1446,0.7829730766160148
1447,0.7399945855140686
1448,0.6804494641043923
1449,0.7199363484978676
1450,0.784758098423481
1451,0.7773009017109871
1452,0.7051272839307785
1453,0.6724290720054081
1454,0.6337247661181858
1455,0.6593526750802994
1456,0.7019192775090536
1457,0.7301233921732221
1458,0.7452595457434654
1459,0.7245459092987908
1460,0.699151646007191
1461,0.7079417109489441
1462,0.7022960484027863
1463,0.7159547077284919
1464,0.7381176153818766
1465,0.6939024478197098
1466,0.6712013721466065
1467,0.6705074707667033
1468,0.6160701364278793
1469,0.552182103906359
1470,0.5416505336761475
1471,0.537979265054067
1472,0.5463249186674753
1473,0.5660121540228525
1474,0.5910975866847568
1475,0.6049530761582511
1476,0.6099747504506793
1477,0.5875351199736962
1478,0.5702254639731513
1479,0.5653384774923325
1480,0.5776702364285787
1481,0.6097269952297211
1482,0.6324857398867607
1483,0.6489344388246536
1484,0.6718337365559169
1485,0.6896096553121295
1486,0.6832109212875366
1487,0.6563486456871033
1488,0.5894821286201477
1489,0.5736052542924881
1490,0.6249862483569554
1491,0.6501335004965464
1492,0.6522720315877129
1493,0.6371484654290336
1494,0.6146955043077469
1495,0.5993276238441467
1496,0.5840678413709005
1497,0.6111461917559305
1498,0.6431914908545358
1499,0.6419433255990347
1500,0.6355135838190714
1501,0.6058247429983956
1502,0.5723959108193716
1503,0.5710618868470192
1504,0.5863873064517975
1505,0.5908390624182565
1506,0.6013147830963135
1507,0.6113040958132062
1508,0.5963436630037096
1509,0.5843220244754445
1510,0.5735014251300267
1511,0.5774685995919364
1512,0.60067161491939
1513,0.6169535915056864
1514,0.6498935392924717
1515,0.6747206694939557
1516,0.7124463617801666
1517,0.6804824392000834
1518,0.6464426398277283
1519,0.6479102671146393
1520,0.6469671577215195
1521,0.6468583771160671
1522,0.6653222186224801
1523,0.6902911439538002
1524,0.6426327109336853
1525,0.6214645079204014
1526,0.605192132294178
1527,0.5829122066497803
1528,0.5808343440294266
1529,0.613433267389025
1530,0.6446684673428535
1531,0.6451648388590131
1532,0.6192502805164882
1533,0.587905541062355
1534,0.5681647459665934
1535,0.5258145398563809
1536,0.4665813197692235
1537,0.4236080994208653
1538,0.4110885957876841
1539,0.4099749972422917
1540,0.4351665923992793
1541,0.4443585723638534
1542,0.4451120495796203
1543,0.4400645345449447
1544,0.4438012391328811
1545,0.4592588245868683
1546,0.4748411724964778
1547,0.5053877135117849
1548,0.5410917401313782
1549,0.5545577506224314
1550,0.5618077715237936
1551,0.5654909525598798
1552,0.5548158288002014
1553,0.5342240184545517
1554,0.525209774573644
1555,0.524487093091011
1556,0.5242504378159841
1557,0.511854350566864
1558,0.5078517113413129
1559,0.4977537790934245
1560,0.486590133772956
1561,0.4731546214648655
1562,0.4521053263119289
1563,0.4173471070826053
1564,0.3695247620344162
1565,0.3626009374856949
1566,0.3655467480421066
1567,0.3777862787246704
1568,0.3949873546759287
1569,0.4047061502933502
1570,0.4052368104457855
1571,0.4038658056940351
1572,0.3953373531500498
1573,0.3843146661917369
1574,0.3822773907865797
1575,0.3957196871439616
1576,0.4053488671779632
1577,0.4165755609671275
1578,0.4208777211606502
1579,0.4223509828249613
1580,0.4239916155735652
1581,0.4206652268767357
1582,0.4104796009404318
1583,0.4085968099534511
1584,0.4135505457719167
1585,0.4256299776690347
1586,0.4417846699555715
1587,0.4503625258803367
1588,0.4536761343479156
1589,0.4467330972353617
1590,0.4332118183374405
1591,0.4214213533060891
1592,0.4136101802190144
1593,0.4023994455734889
1594,0.3969070315361023
1595,0.3878549486398697
1596,0.379069585353136
1597,0.3730621210166386
1598,0.3631883689335414
1599,0.3596608000142233
1600,0.3588379124800364
1601,0.3597290019194285
1602,0.3580549827643803
1603,0.3626888791720072
1604,0.3732290267944336
1605,0.3891866058111191
1606,0.3906071831782658
1607,0.3839121411244074
1608,0.3806903325021267
1609,0.38517769745418
1610,0.3978661639349801
1611,0.4274922353880746
1612,0.4350976177624294
1613,0.440533493246351
1614,0.4330894606454031
1615,0.4183480824742998
1616,0.4143666227658589
1617,0.4147343337535858
1618,0.4126137793064117
1619,0.4107395282813481
1620,0.4064542129635811
1621,0.4131655693054199
1622,0.4221500030585697
1623,0.4233010053634644
1624,0.4199101217091083
1625,0.3924022444656917
1626,0.3678348575319562
1627,0.3589860882077898
1628,0.349685733517011
1629,0.3413556714852651
1630,0.3441246577671596
1631,0.3436294794082641
1632,0.3454281091690063
1633,0.3378291875123977
1634,0.3302972217400868
1635,0.3377233693997065
1636,0.3390475362539291
1637,0.3440372298161189
1638,0.3415211864880153
1639,0.3411241046019962
1640,0.3429656326770782
1641,0.3511308985097067
1642,0.35630806854793
1643,0.3548207666192736
1644,0.3574801683425903
1645,0.3613854944705963
1646,0.3691667517026265
1647,0.3706189195315043
1648,0.3687850998507606
1649,0.3645745728697095
1650,0.3636377581528255
1651,0.3669075667858124
1652,0.3639366158417293
1653,0.3599735498428345
1654,0.3527354709804058
1655,0.3348292261362076
1656,0.3265363226334254
1657,0.3225592821836471
1658,0.3292037778430515
1659,0.3468031840664999
1660,0.356604482446398
1661,0.3660118232170741
1662,0.3701306929190953
1663,0.3706260238374982
1664,0.358784407377243
1665,0.354466050863266
1666,0.3430116346904209
1667,0.3421508542128971
1668,0.3428129156430562
1669,0.3568968900612422
1670,0.3616952129772731
1671,0.3602441932473864
1672,0.356889077595302
1673,0.3454325326851436
1674,0.3423853559153421
1675,0.3492648346083505
1676,0.3515145650931767
1677,0.3529478439262935
1678,0.351745480298996
1679,0.3556628354958125
1680,0.350409665278026
1681,0.3507633060216903
1682,0.3616837382316589
1683,0.3767993748188019
1684,0.3775407246180943
1685,0.374623886176518
1686,0.3705200143158436
1687,0.365826278924942
1688,0.3509667383299933
1689,0.3477364513609144
1690,0.3651007749140262
1691,0.369548499584198
1692,0.3608773052692413
1693,0.3508847653865814
1694,0.340445944241115
1695,0.3349689811468124
1696,0.3363247017065684
1697,0.3307514389355977
1698,0.3170187601021358
1699,0.299631723335811
1700,0.2879893779754638
1701,0.2711332142353058
1702,0.2518182910150952
1703,0.2446038914578301
1704,0.2371115411321322
1705,0.2337759392602103
1706,0.2346322834491729
1707,0.2343050986528396
1708,0.2321077088514963
1709,0.2336451038718223
1710,0.2436368738611539
1711,0.2404056872640337
1712,0.2481640023844582
1713,0.2557406922181447
1714,0.2563920787402561
1715,0.2576897868088313
1716,0.2618547230958938
1717,0.2641682369368417
1718,0.270986591776212
1719,0.2752748472349984
1720,0.2770187258720398
1721,0.2783279546669551
1722,0.2782249947388966
1723,0.2822019713265555
1724,0.283803004771471
1725,0.2813757402556283
1726,0.2745980819066365
1727,0.2638872989586421
1728,0.2605609340327127
1729,0.2626439120088304
1730,0.2572219173113505
1731,0.2544501473506291
1732,0.2529169867436091
1733,0.2446025695119585
1734,0.2377422664846692
1735,0.2380351200699806
1736,0.2407220620661974
1737,0.2447440028190612
1738,0.2426600605249405
1739,0.2341649745191846
1740,0.231572510940688
1741,0.2289974391460418
1742,0.2229301248277936
1743,0.2172384286920229
1744,0.2090570156772931
1745,0.2007245793938636
1746,0.1949892022780009
1747,0.1946517676115036
1748,0.1923643524448076
1749,0.1891952231526374
1750,0.1908472577730814
1751,0.1930433089534441
1752,0.2014934966961542
1753,0.20717587073644
1754,0.2101998329162597
1755,0.2111049542824427
1756,0.2059323067466417
1757,0.1989445984363556
1758,0.1958976487318674
1759,0.194413793583711
1760,0.1915345434099435
1761,0.1873132487138112
1762,0.1818790410955747
1763,0.1726537197828292
1764,0.1690953001379966
1765,0.1713791877031326
1766,0.1736698771516482
1767,0.1752333318193753
1768,0.1759334529439608
1769,0.1764011333386103
1770,0.1740450635552406
1771,0.1689993888139724
1772,0.1704547554254531
1773,0.1760215957959493
1774,0.1745623350143432
1775,0.1692868421475092
1776,0.1654800524314244
1777,0.1562907670934995
1778,0.1460962146520614
1779,0.1348537902037302
1780,0.1287983059883117
1781,0.1225991174578666
1782,0.1185929760336876
1783,0.1121599942445755
1784,0.1099398538470268
1785,0.1128497626632452
1786,0.1193385675549507
1787,0.118382228910923
1788,0.1084474220871925
1789,0.0915291503071785
1790,0.080775798857212
1791,0.0626230919733643
1792,0.0458305492997169
1793,0.0121826929505914
1794,-0.0422363214194774
1795,0.0168862779974006
1796,0.1031246349215507
1797,0.1460513919591903
1798,0.186728298664093
1799,0.1980061501264572
1800,0.1752496302127838
1801,0.1491922177374363
1802,0.137824609875679
1803,0.1160715073347091
1804,0.1000127539038658
1805,0.0861023232340812
1806,0.0776479884982109
1807,0.0758200049400329
1808,0.0839178338646888
1809,0.0870869636535644
1810,0.0858964204788208
1811,0.0801494732499122
1812,0.0772635489702224
1813,0.0837892666459083
1814,0.091950936615467
1815,0.1007542505860328
1816,0.1160619720816612
1817,0.1288586422801017
1818,0.1348376333713531
1819,0.1364056145151456
1820,0.1349088003238042
1821,0.1357412238915761
1822,0.133644995590051
1823,0.1360550597310066
1824,0.1388620237509409
1825,0.1518181736270586
1826,0.1592412963509559
1827,0.166877768933773
1828,0.1654744247595469
1829,0.1621113568544387
1830,0.1501475224892298
1831,0.138096901277701
1832,0.1345216880242029
1833,0.1256404394904772
1834,0.1175673063844442
1835,0.1156078316271305
1836,0.1178157192965348
1837,0.1195945938428243
1838,0.1220733473698298
1839,0.1263049667080243
1840,0.1302812571326891
1841,0.1391213114062945
1842,0.1447943821549415
1843,0.1485710466901461
1844,0.1472191090385119
1845,0.1445819983879725
1846,0.1408726672331492
1847,0.1351427162686983
1848,0.1381353562076886
1849,0.1419694572687149
1850,0.1389032006263733
1851,0.1374362309773763
1852,0.1384391436974207
1853,0.1381584828098615
1854,0.1388549953699112
1855,0.1439044997096061
1856,0.1431659286220868
1857,0.141812985142072
1858,0.1371874213218689
1859,0.134674847126007
1860,0.134919673204422
1861,0.1338027566671371
1862,0.1368568167090416
1863,0.1375393321116765
1864,0.132988820473353
1865,0.1245526013274987
1866,0.1134938634932041
1867,0.1100672073662281
1868,0.1132708912094434
1869,0.1180855892598629
1870,0.1192790505786736
1871,0.1182031606634457
1872,0.1158882913490136
1873,0.1122346818447113
1874,0.1111611152688662
1875,0.1190878376364708
1876,0.1258450075984001
1877,0.1264354959130287
1878,0.1263214101394017
1879,0.1295122106870015
1880,0.1306972702344258
1881,0.128542145093282
1882,0.1278696035345395
1883,0.1337506294250488
1884,0.1396175672610601
1885,0.1431304464737574
1886,0.1450098529458046
1887,0.1420498341321945
1888,0.1411940554777781
1889,0.1391573473811149
1890,0.1378431677818298
1891,0.1368911415338516
1892,0.1375538979967435
1893,0.1393259838223457
1894,0.1412899966041247
1895,0.142076147099336
1896,0.1429008593161901
1897,0.1405878787239392
1898,0.1403290877739588
1899,0.1390372291207313
1900,0.1396124333143234
1901,0.1439007252454757
1902,0.1469326466321945
1903,0.1447157387932141
1904,0.1418710475166638
1905,0.1428984304269155
1906,0.1371277496218681
1907,0.1233767581482728
1908,0.1131268789370854
1909,0.1080120056867599
1910,0.1052872195839881
1911,0.1035356476902961
1912,0.1029039204120636
1913,0.105787518620491
1914,0.1112123116850853
1915,0.1201724529266357
1916,0.1291407614946365
1917,0.1373459070920944
1918,0.141558089852333
1919,0.1421464800834656
1920,0.14310944378376
1921,0.1430419385433197
1922,0.1401358515024185
1923,0.1339314530293146
1924,0.1265883073210716
1925,0.125299667318662
1926,0.1255893856287002
1927,0.1258643393715222
1928,0.1260744656125704
1929,0.1279537181059519
1930,0.1310845911502838
1931,0.1368550151586532
1932,0.1416465317209561
1933,0.1417596985896428
1934,0.1364870592951774
1935,0.1338626096645991
1936,0.1314294214049975
1937,0.1316649988293647
1938,0.1311867336432139
1939,0.1298126180966695
1940,0.1281208485364914
1941,0.1260383675495783
1942,0.1262581832706928
1943,0.1290904680887858
1944,0.1329225649436315
1945,0.1374532555540402
1946,0.1377180914084116
1947,0.1394897152980168
1948,0.1417970110972722
1949,0.142434890071551
1950,0.1390236243605613
1951,0.1334063038229942
1952,0.1304190705219904
1953,0.1307078500588735
1954,0.1308386996388435
1955,0.1291207397977511
1956,0.1215893390278021
1957,0.1154760171969731
1958,0.1128212288022041
1959,0.1140700839459896
1960,0.117323413491249
1961,0.115689634035031
1962,0.1105804542700449
1963,0.1145867158969243
1964,0.117590328057607
1965,0.1168957203626632
1966,0.1135015835364659
1967,0.112176979581515
1968,0.1116995935638745
1969,0.1077116119364897
1970,0.1068109062810738
1971,0.10466052343448
1972,0.1049394744137923
1973,0.1061021536588668
1974,0.1079119419058163
1975,0.1086393867929776
1976,0.1127333206435044
1977,0.1155593742926915
1978,0.114215021332105
1979,0.1099829326073328
1980,0.1110871334870656
1981,0.1161997529367605
1982,0.1199368188778559
1983,0.122652909408013
1984,0.1221848366161187
1985,0.1202315129339695
1986,0.1194948901732762
1987,0.1201403414209683
1988,0.1200567757089932
1989,0.1241215939323107
1990,0.1259093098342418
1991,0.1254948501785596
1992,0.1241978245476881
1993,0.1250171872476736
1994,0.12631414954861
1995,0.1291610449552536
1996,0.1277414734164873
1997,0.1231877714395523
1998,0.1170619701345761
1999,0.114240529636542
2000,0.1149423656364281
2001,0.114879281570514
2002,0.1151641353964805
2003,0.1129606378575166
2004,0.1078857531150182
2005,0.1016404591500759
2006,0.1034251153469085
2007,0.1025753145416577
2008,0.1024828578035036
2009,0.1040585165222485
2010,0.1052524037659168
2011,0.1009020693600177
2012,0.0998031621177991
2013,0.1048378671209017
2014,0.1051203707853953
2015,0.1012323647737503
2016,0.0957120344042778
2017,0.0933692989250024
2018,0.0941722790400187
2019,0.0884920395910739
2020,0.0822696760296821
2021,0.0822482764720916
2022,0.0864974310000737
2023,0.0877508409321308
2024,0.0905506893992424
2025,0.0921715535223484
2026,0.0903544910252094
2027,0.0865129729111989
2028,0.0839380187292893
2029,0.0858912592132886
2030,0.0895497947931289
2031,0.0920907507340113
2032,0.0927202627062797
2033,0.0888408981263637
2034,0.0870043523609638
2035,0.0804141268134117
2036,0.0787240229547023
2037,0.0854520797729492
2038,0.0914301847418149
2039,0.0916589039067427
2040,0.0935373061469623
2041,0.0986619532108306
2042,0.0997320562601089
2043,0.0961390478270394
2044,0.0936014413833618
2045,0.0928690526634454
2046,0.09010811150074
2047,0.0878254833320776
2048,0.081188855426652
2049,0.0784811610355973
2050,0.0764267072081565
2051,0.0733245266601443
2052,0.0735045000910759
2053,0.0689577385783195
2054,0.0681732177734375
2055,0.0716470247134566
2056,0.0752434516325593
2057,0.0725877493619918
2058,0.0547630504838057
2059,0.0215467192465439
2060,0.0226662157103419
2061,0.0435967653989791
2062,0.058731772750616
2063,0.0681084513664245
2064,0.0699226995930075
2065,0.0657283186912536
2066,0.0654248371720314
2067,0.0673721030354499
2068,0.0675536885857582
2069,0.0708480134606361
2070,0.0738642513751983
2071,0.0781038088930977
2072,0.0835311144590377
2073,0.0853561230681159
2074,0.0804829895496368
2075,0.0884915083646774
2076,0.0957801640033721
2077,0.1035554157570004
2078,0.1051117347346411
2079,0.1057844012975692
2080,0.1055804746491568
2081,0.0990710339198509
2082,0.0841856494545936
2083,0.0725472927093505
2084,0.0727690711617469
2085,0.0753277994015
2086,0.0714912364880244
2087,0.0704593565315008
2088,0.0835209838472879
2089,0.1028817661106586
2090,0.112214982509613
2091,0.1143751548869269
2092,0.1050608876076611
2093,0.0959650757057326
2094,0.0901803706700985
2095,0.0855473615229129
2096,0.0875972618277256
2097,0.085475630313158
2098,0.077866081893444
2099,0.0837863311171531
2100,0.0977675020694732
2101,0.1063415159781773
2102,0.1112738512456417
2103,0.1171112611889839
2104,0.1191085066114153
2105,0.1205221995711326
2106,0.1255371744434038
2107,0.1350341349840164
2108,0.131825627759099
2109,0.1234103366732597
2110,0.115096129477024
2111,0.1114783998992708
2112,0.1090915432820717
2113,0.1105323277413845
2114,0.1074491845709937
2115,0.1046381363501915
2116,0.1024490364573218
2117,0.1049056112766265
2118,0.1080484371632337
2119,0.1133768539875745
2120,0.1169401779770851
2121,0.1183807818839947
2122,0.1182141486141416
2123,0.1162091227514403
2124,0.1175284379472335
2125,0.11504400956134
2126,0.1037592027675021
2127,0.1010370760091713
2128,0.1032510738481174
2129,0.1047908525381769
2130,0.1053757891058921
2131,0.1079726381735368
2132,0.1096413489431142
2133,0.0975316410263379
2134,0.0795547857880592
2135,0.0808727389999798
2136,0.088529772311449
2137,0.0907891185155936
2138,0.0976170922319094
2139,0.1077298377123144
2140,0.1155001111328601
2141,0.1156332310703065
2142,0.1173044259731586
2143,0.1213029250502586
2144,0.120261627164754
2145,0.1203523829579353
2146,0.1222738901322538
2147,0.1190320036063591
2148,0.1163097083568573
2149,0.116604521125555
2150,0.114212396244208
2151,0.1074262605980038
2152,0.107554447526733
2153,0.1119817109270529
2154,0.1096712940118529
2155,0.1049752465138832
2156,0.1062493739383561
2157,0.0981815059979756
2158,0.0880159368472439
2159,0.0685325839689799
2160,0.0601476681019578
2161,0.0675754944483439
2162,0.0720396861433982
2163,0.0675243144588811
2164,0.0645490951303924
2165,0.0663557124457189
2166,0.0782927280435195
2167,0.0797672282372202
2168,0.0863681212067604
2169,0.0951266636451085
2170,0.0951104776726828
2171,0.097679671831429
2172,0.0956832900643348
2173,0.0989669705430666
2174,0.0998015701770782
2175,0.1008450550337632
2176,0.0997793190181255
2177,0.0917775125375815
2178,0.0727910612794486
2179,0.0570699125528335
2180,0.0551711991429328
2181,0.0398758162672703
2182,0.0141513550188392
2183,0.0231833202498299
2184,0.0549709569662809
2185,0.0678742863237857
2186,0.075661689043045
2187,0.081605518857638
2188,0.0806203130632639
2189,0.0777546465396881
2190,0.0773062035441398
2191,0.0779627625431333
2192,0.0739588048309087
2193,0.0699264002697808
2194,0.066652625799179
2195,0.0656163958566529
2196,0.0658876352012157
2197,0.0584300618618726
2198,0.0425293295142742
2199,0.0160597295367292
2200,0.0054324720426498
2201,0.0427748639402644
2202,0.0621447581797838
2203,0.0635007703676819
2204,0.0679397135972976
2205,0.0782945431195772
2206,0.0811995107393998
2207,0.0792987530430158
2208,0.0879041904752904
2209,0.0954502746462822
2210,0.094641899690032
2211,0.0914708918758801
2212,0.0880136818935473
2213,0.0864834792234681
2214,0.0851376528541247
2215,0.0709811503497453
2216,0.0493834095874003
2217,0.0490599942526647
2218,0.0491185873746871
2219,0.0353346693196467
2220,0.0193201922035465
2221,0.0105071011572503
2222,-0.007138003129512
2223,-0.0284018736332654
2224,-0.0066293866301958
2225,0.0045340018114075
2226,0.0319737253280786
2227,0.0358201828427039
2228,0.0180685555761946
2229,-0.0055349031484053
2230,-0.0254707389976829
2231,-0.0590112177798381
2232,-0.0879883657281215
2233,-0.0894068732857704
2234,-0.1059767277194903
2235,-0.1117621259047434
2236,-0.0712942661983626
2237,-0.0681177094005621
2238,-0.0533200138463423
2239,-0.0281816599890589
2240,-0.0197143357247114
2241,-0.0162075897678732
2242,-0.0117534547686003
2243,-0.0128846351057291
2244,-0.0236429043114185
2245,-0.0238994066603481
2246,-0.0294659588485956
2247,-0.0342670023441314
2248,-0.0402088791131973
2249,-0.0520129181444644
2250,-0.0442428670823574
2251,-0.03673300072550774
2252,-0.03386481367051601
2253,-0.0209342073649168
2254,-0.01019615363329649
2255,0.007088495511561632
2256,0.01001252382993698
2257,0.0037721112021245062
2258,-0.006728600803762674
2259,-0.010715056055535873
2260,-0.02003412290165822
2261,-0.03698887825012207
2262,-0.031541409237044196
2263,-0.03231412089533276
2264,-0.03975861370563507
2265,-0.05735122486948967
2266,-0.0649902917444706
2267,-0.06163398995995521
2268,-0.05885978266596794
2269,-0.07095539694031079
2270,-0.07848758002122243
2271,-0.08550377935171127
2272,-0.07744525223970414
2273,-0.061708481361468635
2274,-0.04520152509212494
2275,-0.04762059450149536
2276,-0.030400480221336085
2277,-0.0059602567518595604
2278,-0.0006631359225139022
2279,-0.005542186026494684
2280,-0.015148174172888199
2281,-0.03543995786458254
2282,-0.0734771117568016
2283,-0.06666193281610806
2284,-0.0707564614713192
2285,-0.08616178323115621
2286,-0.08787087847789128
2287,-0.07594631133334977
2288,-0.10675758495926857
2289,-0.14753869672616324
2290,-0.16205534636974334
2291,-0.16792337223887444
2292,-0.22292846739292144
2293,-0.2351831023891767
2294,-0.1959482967853546
2295,-0.16492246588071188
2296,-0.16937051926340377
2297,-0.22988270968198776
2298,-0.23909682780504227
2299,-0.23775110287325724
2300,-0.2517486910025279
2301,-0.26964327196280163
2302,-0.2608681420485179
2303,-0.23935970415671667
2304,-0.22255074679851533
2305,-0.19300392270088196
2306,-0.18142857253551484
2307,-0.18178339728287288
2308,-0.22258408615986505
2309,-0.25279875844717026
2310,-0.26325610280036926
2311,-0.24140328566233318
2312,-0.20175601840019225
2313,-0.18531377986073494
2314,-0.19322630898518997
2315,-0.22373161961634955
2316,-0.27776855868952616
2317,-0.26539914309978485
2318,-0.23548692713181177
2319,-0.21560824662446976
2320,-0.20161767303943634
2321,-0.21229808032512665
2322,-0.23001238065106527
2323,-0.2237108921011289
2324,-0.20568108345781053
2325,-0.2290460807936532
2326,-0.28364117443561554
2327,-0.29151050959314617
2328,-0.2801963637272517
2329,-0.281714787085851
2330,-0.2753131836652756
2331,-0.27815342545509336
2332,-0.2886782842023032
2333,-0.26101416455847876
2334,-0.23554843664169312
2335,-0.22973338514566422
2336,-0.22926859557628632
2337,-0.250068520506223
2338,-0.28740371267000836
2339,-0.3064614747251783
2340,-0.2709878087043762
2341,-0.2613125493129094
2342,-0.23453999842916215
2343,-0.20903600255648294
2344,-0.21391471794673375
2345,-0.24077994376420975
2346,-0.271784171462059
2347,-0.28452956676483154
2348,-0.3063766856988271
2349,-0.3287411828835805
2350,-0.3201145112514496
2351,-0.30350699834525585
2352,-0.3002692361672719
2353,-0.29147493839263916
2354,-0.294061079621315
2355,-0.28490790724754333
2356,-0.2919239153464635
2357,-0.3375190893809001
2358,-0.36952065825462344
2359,-0.34839968596185955
2360,-0.33126274602753775
2361,-0.3506724685430527
2362,-0.32914425645555767
2363,-0.28432197372118634
2364,-0.2534010286132495
2365,-0.24576873864446366
2366,-0.26370447129011154
2367,-0.29067176580429077
2368,-0.33669884715761456
2369,-0.4483819305896759
2370,-0.526491512854894
2371,-0.4455858660595758
2372,-0.36013775567213696
2373,-0.29127663870652515
2374,-0.2357432097196579
2375,-0.2134058654308319
2376,-0.21220654000838599
2377,-0.2277704601486524
2378,-0.24426322678724924
2379,-0.27652758955955503
2380,-0.315705737897328
2381,-0.33157093822956085
2382,-0.3111833135286967
2383,-0.27571535110473633
2384,-0.2680138424038887
2385,-0.26310861855745316
2386,-0.2571576138337453
2387,-0.250318023065726
2388,-0.23273024211327234
2389,-0.20962722102801004
2390,-0.21276999016602835
2391,-0.21947194635868073
2392,-0.23924819131692251
2393,-0.26081982254981995
2394,-0.25855133682489395
2395,-0.23598863929510117
2396,-0.22054279098908106
2397,-0.2116105854511261
2398,-0.20302289724349976
2399,-0.1854883854587873
2400,-0.1779854824145635
2401,-0.1986423909664154
2402,-0.21680472418665886
2403,-0.22895650813976923
2404,-0.2300813396771749
2405,-0.23509268711010614
2406,-0.2677879620875631
2407,-0.2541625201702118
2408,-0.2483201265335083
2409,-0.24806281924247742
2410,-0.25355910261472064
2411,-0.2636817122499148
2412,-0.28658415377140045
2413,-0.305023933450381
2414,-0.3153355699032545
2415,-0.30620164672533673
2416,-0.304864505926768
2417,-0.28754498561223346
2418,-0.2631438693829945
2419,-0.2421161855260531
2420,-0.23629552498459816
2421,-0.2260163426399231
2422,-0.22976368417342505
2423,-0.23963050842285155
2424,-0.24590825041135153
2425,-0.26693282808576313
2426,-0.2958942949771881
2427,-0.3394112139940262
2428,-0.3877395838499069
2429,-0.4796497757945742
2430,-0.48817786077658337
2431,-0.4466787576675415
2432,-0.3956593821446101
2433,-0.35384219884872437
2434,-0.33558329939842224
2435,-0.33060907820860547
2436,-0.34650090932846067
2437,-0.3632374405860901
2438,-0.38163072367509204
2439,-0.4217458963394165
2440,-0.4664818197488785
2441,-0.5171055346727371
2442,-0.5352916717529297
2443,-0.5070343365271887
2444,-0.4445197582244873
2445,-0.40275898575782776
2446,-0.3551636685927709
2447,-0.30598442753156024
2448,-0.2868899554014206
2449,-0.2811540911595027
2450,-0.29602402448654175
2451,-0.33507948617140454
2452,-0.36827783783276874
2453,-0.3999365071455638
2454,-0.4062504867712657
2455,-0.4013400028149287
2456,-0.3947940468788147
2457,-0.3678688406944275
2458,-0.34075185159842175
2459,-0.3640904525915782
2460,-0.3690714289744695
2461,-0.3503192861874898
2462,-0.32311788698037464
2463,-0.3129427134990692
2464,-0.31106598675251007
2465,-0.3329933037360509
2466,-0.36518698930740356
2467,-0.38843951125939685
2468,-0.4046822686990102
2469,-0.3777654568354289
2470,-0.35710742324590683
2471,-0.3372602661450704
2472,-0.32616644104321796
2473,-0.3304526060819626
2474,-0.3487098515033722
2475,-0.39602266252040863
2476,-0.40016718705495197
2477,-0.3998908152182897
2478,-0.4144906798998515
2479,-0.45030297338962555
2480,-0.440902903676033
2481,-0.4234337459007899
2482,-0.4153737872838974
2483,-0.4044225364923477
2484,-0.36987719933191937
2485,-0.35542265077431995
2486,-0.3396355410416921
2487,-0.31155640738351004
2488,-0.3029633522033691
2489,-0.3048725326855977
2490,-0.3183312664429347
2491,-0.3247200071811676
2492,-0.3152430415153503
2493,-0.31538956984877586
2494,-0.3239336378044552
2495,-0.3411451756954193
2496,-0.34182616472244265
2497,-0.347233372926712
2498,-0.3827995330095291
2499,-0.4027155190706253
2500,-0.4022171556949615
2501,-0.43235009411970776
2502,-0.47206788659095766
2503,-0.4827142655849457
2504,-0.46112642543656485
2505,-0.43196638822555544
2506,-0.41774732371171314
2507,-0.4172422339518865
2508,-0.45291951795419055
2509,-0.4405624005529616
2510,-0.4607929935057958
2511,-0.4794601649045944
2512,-0.49205824732780457
2513,-0.49203160405158997
2514,-0.47519690295060474
2515,-0.4677831431229909
2516,-0.458989018201828
2517,-0.44659038782119753
2518,-0.4387107193470001
2519,-0.44488669037818906
2520,-0.4653747737407684
2521,-0.502900344133377
2522,-0.5478933691978455
2523,-0.5588898301124573
2524,-0.5613728761672974
2525,-0.5791600108146667
2526,-0.6026893456776937
2527,-0.6182723879814148
2528,-0.6177063345909118
2529,-0.5823538502057394
2530,-0.5334752996762594
2531,-0.5234055618445078
2532,-0.5454047123591105
2533,-0.5344859659671783
2534,-0.5280399441719055
2535,-0.5267085313796998
2536,-0.512426221370697
2537,-0.49034481048583983
2538,-0.4835326423247655
2539,-0.47395012974739076
2540,-0.4612118750810623
2541,-0.4634567201137543
2542,-0.4640336215496063
2543,-0.46883589526017505
2544,-0.5043537517388662
2545,-0.5389453868071238
2546,-0.551351010799408
2547,-0.5855762481689453
2548,-0.6378649026155472
2549,-0.6498930811882019
2550,-0.6309761305650076
2551,-0.6148473620414734
2552,-0.5697435537974039
2553,-0.5469551781813303
2554,-0.5775928397973379
2555,-0.6101529598236084
2556,-0.6386802991231283
2557,-0.6356038550535837
2558,-0.648981124162674
2559,-0.6359097162882487
2560,-0.5993110775947571
2561,-0.5469845294952392
2562,-0.5359387695789337
2563,-0.5436862806479136
2564,-0.5447724362214407
2565,-0.5408987502257029
2566,-0.5344536423683166
2567,-0.5218616962432862
2568,-0.5150899767875672
2569,-0.4984852721293767
2570,-0.4636438310146332
2571,-0.4640716264645259
2572,-0.4956957548856735
2573,-0.5274625062942505
2574,-0.5233332872390747
2575,-0.5085182189941406
2576,-0.5099973380565643
2577,-0.5145374139149984
2578,-0.5347490310668945
2579,-0.5507564942042033
2580,-0.5574654340744019
2581,-0.5545859932899475
2582,-0.543716957171758
2583,-0.5334099531173706
2584,-0.5065466066201528
2585,-0.4975203921397527
2586,-0.53679026166598
2587,-0.5673066178957621
2588,-0.5717046757539114
2589,-0.6081825296084086
2590,-0.5953888297080994
2591,-0.5687096357345581
2592,-0.5707553505897522
2593,-0.577975312868754
2594,-0.5847275952498118
2595,-0.5852174460887909
2596,-0.603263333439827
2597,-0.620077520608902
2598,-0.627663791179657
2599,-0.6302483578523
2600,-0.6202335476875305
2601,-0.5875656207402548
2602,-0.5502236485481262
2603,-0.5389246046543121
2604,-0.5305745363235473
2605,-0.5323996096849442
2606,-0.5561002790927887
2607,-0.5762845774491628
2608,-0.589318037033081
2609,-0.5942016959190368
2610,-0.5969681640466055
2611,-0.6098453402519226
2612,-0.6255982518196106
2613,-0.6009702086448669
2614,-0.5664919376373291
2615,-0.5372796555360159
2616,-0.5222367346286774
2617,-0.5348384261131287
2618,-0.5471615095933279
2619,-0.5602267384529114
2620,-0.5808156331380209
2621,-0.6328703065713247
2622,-0.6698407292366028
2623,-0.6889016181230545
2624,-0.7212102890014649
2625,-0.7322963237762451
2626,-0.7230998158454895
2627,-0.7464883625507355
2628,-0.7762946685155233
2629,-0.7816918134689331
2630,-0.7570414741834005
2631,-0.7720985174179077
2632,-0.7647912601629893
2633,-0.7591318249702453
2634,-0.7196570138136545
2635,-0.6668083190917968
2636,-0.6306711534659067
2637,-0.6097799658775329
2638,-0.6025540947914123
2639,-0.6230523347854614
2640,-0.6620561122894287
2641,-0.7014361143112182
2642,-0.7485350370407104
2643,-0.7648736119270325
2644,-0.7359276513258616
2645,-0.6831382264693578
2646,-0.6943148136138916
2647,-0.718996262550354
2648,-0.7364803552627563
2649,-0.7408660411834717
2650,-0.7555988192558288
2651,-0.7816906174023946
2652,-0.7919349908828736
2653,-0.7614148855209351
2654,-0.7316946983337402
2655,-0.7193937778472901
2656,-0.6787509620189667
2657,-0.6280490557352701
2658,-0.6091917157173157
2659,-0.6255455272538322
2660,-0.6349929332733154
2661,-0.6669272184371948
2662,-0.7022713780403137
2663,-0.7472580770651499
2664,-0.7680663347244263
2665,-0.7625806331634521
2666,-0.7542820473512014
2667,-0.7400196194648743
2668,-0.7169466257095337
2669,-0.6808451294898987
2670,-0.6658308267593384
2671,-0.6535914063453674
2672,-0.6630108594894409
2673,-0.6621278921763102
2674,-0.6470073560873667
2675,-0.6306083798408508
2676,-0.6467008143663406
2677,-0.6505278646945953
2678,-0.6440706451733907
2679,-0.6530706485112509
2680,-0.6545642713705698
2681,-0.6858153462409973
2682,-0.7420334815979004
2683,-0.7671845197677613
2684,-0.751103013753891
2685,-0.7775919778006417
2686,-0.7956740021705627
2687,-0.7714887062708536
2688,-0.7332750360171
2689,-0.7203105390071869
2690,-0.7249783476193746
2691,-0.7071385582288107
2692,-0.6736953258514404
2693,-0.6507538159688314
2694,-0.6692111392815908
2695,-0.6948969960212708
2696,-0.7034672200679779
2697,-0.6901551783084869
2698,-0.6819463968276978
2699,-0.6438645621140798
2700,-0.6262113153934479
2701,-0.6221367418766022
2702,-0.6535533547401429
2703,-0.6728817820549011
2704,-0.6878378887971243
2705,-0.7010239213705063
2706,-0.7319884300231934
2707,-0.767925763130188
2708,-0.7424678305784861
2709,-0.702970047791799
2710,-0.6411638855934143
2711,-0.6287954561412334
2712,-0.6142603233456612
2713,-0.6225564877192179
2714,-0.6231682995955149
2715,-0.6026652455329895
2716,-0.5760753055413564
2717,-0.5655562215381198
2718,-0.5784340500831604
2719,-0.5990043580532074
2720,-0.647171425819397
2721,-0.6604576508204142
2722,-0.6490149100621542
2723,-0.664254441857338
2724,-0.6957655052344004
2725,-0.7183485925197601
2726,-0.7321700553099314
2727,-0.7609509726365408
2728,-0.7284261518054538
2729,-0.6203765074412028
2730,-0.5433102622628212
2731,-0.5437609950701395
2732,-0.6181368713195508
2733,-0.7086547513802847
2734,-0.7223320404688517
2735,-0.7437913298606873
2736,-0.7866484820842743
2737,-0.8324240644772848
2738,-0.8553655743598938
2739,-0.8486078878243765
2740,-0.8435583213965098
2741,-0.857905113697052
2742,-0.8809534708658854
2743,-0.8996920368888162
2744,-0.8624933759371439
2745,-0.8229374647140503
2746,-0.7876757681369781
2747,-0.7291764974594116
2748,-0.6912255795164541
2749,-0.8247151474157969
2750,-0.9091615974903107
2751,-0.9574080467224121
2752,-0.977476437886556
2753,-0.9605422914028168
2754,-0.9000382125377655
2755,-0.8744204640388489
2756,-0.900644451379776
2757,-0.9460790157318115
2758,-0.9825677037239074
2759,-1.0204538504282634
2760,-1.001042018334071
2761,-0.971313762664795
2762,-0.9362538854281107
2763,-0.9092165708541871
2764,-0.9164829850196838
2765,-0.932447741429011
2766,-0.9444833040237427
2767,-0.9631766319274903
2768,-0.9521199961503347
2769,-0.9047915637493134
2770,-0.8799124856789907
2771,-0.8981887996196747
2772,-0.8901035070419312
2773,-0.8859643697738647
2774,-0.905353049437205
2775,-0.9389997273683548
2776,-0.959362730383873
2777,-0.9382691085338593
2778,-0.8942436575889587
2779,-0.8634467840194702
2780,-0.8456512451171875
2781,-0.8373053312301636
2782,-0.8303464849789938
2783,-0.8371846437454223
2784,-0.8465016980965933
2785,-0.8751036375761032
2786,-0.8737881779670715
2787,-0.8853215098381042
2788,-0.9188575267791748
2789,-0.9380126893520355
2790,-0.9298861622810364
2791,-0.9485879043738047
2792,-0.9632092118263245
2793,-0.9342943906784058
2794,-0.9154870063066483
2795,-0.8979581952095032
2796,-0.8573604464530945
2797,-0.8364173968633016
2798,-0.8548448085784912
2799,-0.8928307379995074
2800,-0.9320830802122752
2801,-0.9349867820739746
2802,-0.9309819936752319
2803,-0.9172053813934327
2804,-0.8683391412099203
2805,-0.8429961800575256
2806,-0.8821068167686462
2807,-0.9484604597091675
2808,-0.9826207518577575
2809,-0.9852683246135712
2810,-0.9571754336357117
2811,-0.9236333727836609
2812,-0.8949183424313863
2813,-0.8723344504833221
2814,-0.8666684627532959
2815,-0.8613148331642151
2816,-0.8741649508476257
2817,-0.8833744168281555
2818,-0.8753645817438761
2819,-0.8733808398246765
2820,-0.898097836971283
2821,-0.909717071056366
2822,-0.8969590425491333
2823,-0.8891573786735535
2824,-0.897897074619929
2825,-0.9260257184505463
2826,-0.9470154941082001
2827,-0.9363440275192261
2828,-0.9162559628486633
2829,-0.8952585220336914
2830,-0.8820377190907797
2831,-0.9049492677052816
2832,-0.9473009467124939
2833,-0.9625718692938486
2834,-0.9862297276655833
2835,-0.979454881615109
2836,-0.987870971361796
2837,-0.9830491542816162
2838,-0.9676568607489268
2839,-0.9595843156178793
2840,-0.9910282969474793
2841,-1.0008633931477864
2842,-0.9828321512729402
2843,-1.0756797194480896
2844,-1.1003065824508667
2845,-1.1446216851472855
2846,-1.0780818263689678
2847,-0.9710821111996969
2848,-0.9135030309359232
2849,-0.889592456817627
2850,-0.9414374113082886
2851,-0.9958389282226563
2852,-1.026754331588745
2853,-1.0231104135513305
2854,-1.0252586603164673
2855,-1.0444353818893433
2856,-1.0853830575942993
2857,-1.1354856689771016
2858,-1.1289036870002747
2859,-1.0490153074264525
2860,-0.9782815376917521
2861,-0.9420378889356341
2862,-0.9115892648696899
2863,-0.9099635601043701
2864,-0.9209939390420914
2865,-0.9367244601249695
2866,-0.9597640254280784
2867,-0.9855632483959198
2868,-0.9958536505699158
2869,-1.0144491791725159
2870,-1.0308296879132588
2871,-1.0488396286964417
2872,-1.0705481052398682
2873,-1.109058427810669
2874,-1.1699217319488526
2875,-1.2045096635818482
2876,-1.2443637251853943
2877,-1.2344191372394562
2878,-1.1738425970077515
2879,-1.1367989480495453
2880,-1.1074282646179199
2881,-1.098384141921997
2882,-1.0931631326675415
2883,-1.0817668914794922
2884,-1.0627138137817382
2885,-1.0442415277163188
2886,-1.0421010454495747
2887,-1.0621494770050048
2888,-1.129231333732605
2889,-1.1804465651512146
2890,-1.1921525398890178
2891,-1.1381958246231079
2892,-1.087636399269104
2893,-1.0496171514193218
2894,-1.0479934692382813
2895,-1.0325534105300904
2896,-1.0066997806231182
2897,-0.9510603845119476
2898,-0.9259051481882731
2899,-0.9382178544998169
2900,-0.9918194532394409
2901,-1.0709143082300823
2902,-1.123444398244222
2903,-1.1230809092521667
2904,-1.0644777774810792
2905,-1.0138667672872543
2906,-1.0218271613121033
2907,-1.0418264269828796
2908,-1.0908392429351808
2909,-1.1249011357625325
2910,-1.2051809827486675
2911,-1.2584789037704467
2912,-1.3102574944496155
2913,-1.2644481460253398
2914,-1.1953410903612773
2915,-1.1445356011390686
2916,-1.1353680044412613
2917,-1.148316244284312
2918,-1.1702019969622295
2919,-1.165062427520752
2920,-1.2074020504951477
2921,-1.2538774251937865
2922,-1.2713523904482524
2923,-1.2540666659673054
2924,-1.1874975959459941
2925,-1.14419953028361
2926,-1.1147172053654988
2927,-1.0785086154937744
2928,-1.0601965359279089
2929,-1.0966333150863647
2930,-1.1017324924468994
2931,-1.098032534122467
2932,-1.122284710407257
2933,-1.1347993810971577
2934,-1.1047741770744324
2935,-1.1083199381828308
2936,-1.1225891709327698
2937,-1.1097339987754822
2938,-1.1026922067006428
2939,-1.0859800378481548
2940,-1.0620477497577667
2941,-1.0588631828625996
2942,-1.0534310738245647
2943,-1.023959219455719
2944,-1.0061772068341572
2945,-0.9578698674837748
2946,-0.9281006932258606
2947,-0.959481398264567
2948,-1.0549272894859314
2949,-1.1684345404307048
2950,-1.2612345417340596
2951,-1.3171828587849934
2952,-1.3441054622332256
2953,-1.2674905402319772
2954,-1.1804482142130535
2955,-1.106238842010498
2956,-1.0224826676504952
2957,-0.9987979531288147
2958,-1.011587957541148
2959,-1.0426240414381027
2960,-1.0947101314862568
2961,-1.0939014434814454
2962,-1.0691555261611938
2963,-1.0389276146888733
2964,-1.030064344406128
2965,-1.0298045533043998
2966,-1.0339621702829997
2967,-1.063047965367635
2968,-1.1047602040427071
2969,-1.1546830634276073
2970,-1.2756146589914958
2971,-1.2844691038131715
2972,-1.2723881204922993
2973,-1.2876529494921367
2974,-1.2688409487406414
2975,-1.2285145044326782
2976,-1.191234540939331
2977,-1.1812771797180175
2978,-1.1981794323240007
2979,-1.2028868079185486
2980,-1.1699405908584595
2981,-1.1405087113380432
2982,-1.13145911693573
2983,-1.1307774543762208
2984,-1.1560875177383423
2985,-1.2000877658526103
2986,-1.2177224159240723
2987,-1.252461016178131
2988,-1.3296394348144531
2989,-1.3420405586560566
2990,-1.3590599745512009
2991,-1.388418932755788
2992,-1.342561920483907
2993,-1.273461475968361
2994,-1.2559620141983032
2995,-1.2802119255065918
2996,-1.246358851591746
2997,-1.227648377418518
2998,-1.2086767355600994
2999,-1.1817564765612285
3000,-1.131206464767456
3001,-1.0735424955685933
3002,-1.0703352689743042
3003,-1.0879706343015034
3004,-1.1001414855321248
3005,-1.1437851389249165
3006,-1.1965400874614716
3007,-1.2152971625328064
3008,-1.1944895471845354
3009,-1.2074658473332722
3010,-1.2275357757295882
3011,-1.271194577217102
3012,-1.2790173689524333
3013,-1.2720855077107747
3014,-1.2253028750419617
3015,-1.2173640529314678
3016,-1.19695645570755
3017,-1.1425015330314636
3018,-1.153343637784322
3019,-1.1534019509951274
3020,-1.146641206741333
3021,-1.132907549540202
3022,-1.1588814854621887
3023,-1.1915549635887146
3024,-1.2102195024490356
3025,-1.2244287927945454
3026,-1.2046116789182026
3027,-1.1930678089459736
3028,-1.1703967537198747
3029,-1.1712090174357097
3030,-1.2081430157025654
3031,-1.2544492085774739
3032,-1.3151188095410664
3033,-1.3296015977859497
3034,-1.2937423501695906
3035,-1.2363064289093018
3036,-1.2501242399215697
3037,-1.235183209180832
3038,-1.1695226430892944
3039,-1.0890566905339558
3040,-1.048047423362732
3041,-1.072226420044899
3042,-1.068700134754181
3043,-1.0680641929308574
3044,-1.1163878242174785
3045,-1.212222198645274
3046,-1.3005848782403129
3047,-1.3773281574249268
3048,-1.407904052734375
3049,-1.3881327907244365
3050,-1.3732266624768574
3051,-1.3483514308929443
3052,-1.3139994740486145
3053,-1.2798617362976075
3054,-1.2207130988438923
3055,-1.193497896194458
3056,-1.2088147203127544
3057,-1.264355997244517
3058,-1.347061038017273
3059,-1.3894994020462037
3060,-1.4012064536412556
3061,-1.391195813814799
3062,-1.3716846505800884
3063,-1.3593514362970989
3064,-1.3529165387153625
3065,-1.313893973827362
3066,-1.2954813639322917
3067,-1.2483536799748738
3068,-1.1851813197135925
3069,-1.1639245351155598
3070,-1.18918373187383
3071,-1.2300506432851155
3072,-1.2498679876327514
3073,-1.2749120195706685
3074,-1.279207209746043
3075,-1.2894750436147053
3076,-1.2756701509157817
3077,-1.2278988758722942
3078,-1.1907633781433105
3079,-1.1812291741371155
3080,-1.193514307339986
3081,-1.2072941263516743
3082,-1.1661702195803325
3083,-1.150471031665802
3084,-1.1550693644417658
3085,-1.244781231880188
3086,-1.309768835703532
3087,-1.318861985206604
3088,-1.33758548895518
3089,-1.3588191469510396
3090,-1.3742937445640564
3091,-1.367840439081192
3092,-1.3555463552474976
3093,-1.3616177539030712
3094,-1.3345645070075989
3095,-1.3590706785519917
3096,-1.3569576342900593
3097,-1.3568031191825867
3098,-1.3156353831291199
3099,-1.2588625351587932
3100,-1.2218736410140991
3101,-1.169142524401347
3102,-1.150248795747757
3103,-1.136112093925476
3104,-1.1520118316014607
3105,-1.1612218817075093
3106,-1.1528364817301433
3107,-1.174544135729472
3108,-1.1996350288391113
3109,-1.2022444903850555
3110,-1.2324523329734802
3111,-1.2819614154951913
3112,-1.3502043187618256
3113,-1.3917600115140278
3114,-1.4060433904329936
3115,-1.3752313256263733
3116,-1.3614091575145721
3117,-1.3262448757886887
3118,-1.2499788204828899
3119,-1.2476944327354431
3120,-1.2161553303400676
3121,-1.220785140991211
3122,-1.2837202151616414
3123,-1.2782500783602397
3124,-1.2230258981386821
3125,-1.2022453943888347
3126,-1.2064776023228962
3127,-1.2101680835088093
3128,-1.2289801041285198
3129,-1.202141284942627
3130,-1.1635634303092957
3131,-1.134033481280009
3132,-1.128415822982788
3133,-1.1443523367245991
3134,-1.1581312119960785
3135,-1.1902183691660564
3136,-1.1820261875788372
3137,-1.1583364605903625
3138,-1.1135583519935608
3139,-1.1297525763511658
3140,-1.188738226890564
3141,-1.2364085515340169
3142,-1.2856753667195637
3143,-1.2909906506538391
3144,-1.2961204767227172
3145,-1.295440395673116
3146,-1.2931629419326782
3147,-1.2956380645434062
3148,-1.311014187335968
3149,-1.2798300584157307
3150,-1.2757335662841798
3151,-1.286309043566386
3152,-1.2887760599454243
3153,-1.2676387230555217
3154,-1.307235062122345
3155,-1.3481810291608174
3156,-1.352678894996643
3157,-1.343473744392395
3158,-1.3009215354919434
3159,-1.27024085521698
3160,-1.2541350920995076
3161,-1.2533336679140727
3162,-1.235465367635091
3163,-1.19537357489268
3164,-1.1758751273155212
3165,-1.1479445497194927
3166,-1.1611074209213257
3167,-1.1943010886510212
3168,-1.1879650155703227
3169,-1.1470640301704407
3170,-1.112791657447815
3171,-1.0777312300421975
3172,-1.1057695945103962
3173,-1.1335622668266296
3174,-1.182555576165517
3175,-1.2332646052042644
3176,-1.2740960121154785
3177,-1.292877697944641
3178,-1.2872860232988994
3179,-1.2805759906768799
3180,-1.285974423090617
3181,-1.2838035583496095
3182,-1.319175124168396
3183,-1.3805063724517823
3184,-1.371309018135071
3185,-1.3273914337158204
3186,-1.2739864587783813
3187,-1.2439345916112263
3188,-1.207307767868042
3189,-1.1420650084813435
3190,-1.100420093536377
3191,-1.1269889672597249
3192,-1.1910059849421184
3193,-1.2398581902186077
3194,-1.2292107741038005
3195,-1.2140645186106365
3196,-1.221781810124715
3197,-1.2388659119606018
3198,-1.2471333940823872
3199,-1.2142715624400549
3200,-1.243118981520335
3201,-1.2722571889559429
3202,-1.2415326088666916
3203,-1.2401893436908722
3204,-1.3007488052050273
3205,-1.3409298261006672
3206,-1.3519549369812012
3207,-1.3485334366559982
3208,-1.349001407623291
3209,-1.3326948881149292
3210,-1.3017700910568237
3211,-1.2813079237937928
3212,-1.276972810427348
3213,-1.3066251873970032
3214,-1.2716797391573589
3215,-1.2440988024075825
3216,-1.2243154644966125
3217,-1.2437248570578439
3218,-1.2800058258904352
3219,-1.287979652484258
3220,-1.2745647600718908
3221,-1.238263988494873
3222,-1.2335155457258224
3223,-1.214007834593455
3224,-1.2203060587247212
3225,-1.2411853472391765
3226,-1.3003242214520772
3227,-1.3161081820726395
3228,-1.308801571528117
3229,-1.3266433080037434
3230,-1.3728822271029155
3231,-1.4367719997059216
3232,-1.4875769416491191
3233,-1.5002844863467746
3234,-1.456671416759491
3235,-1.401923934618632
3236,-1.3739197594778878
3237,-1.3268174529075623
3238,-1.3100263675053914
3239,-1.2589213507516044
3240,-1.1883262055260795
3241,-1.1724490920702617
3242,-1.1835751136144002
3243,-1.24472971757253
3244,-1.2707532842954
3245,-1.268113871415456
3246,-1.3097123901049297
3247,-1.3361677527427673
3248,-1.3352357149124146
3249,-1.3313900828361511
3250,-1.3517840305964153
3251,-1.3307976921399434
3252,-1.3272335188729423
3253,-1.302293300628662
3254,-1.3072564125061035
3255,-1.3367628455162048
3256,-1.3130131165186565
3257,-1.3166614323854446
3258,-1.3020635843276978
3259,-1.3482187390327454
3260,-1.3922159473101299
3261,-1.40643506248792
3262,-1.3270620902379353
3263,-1.2632047086954117
3264,-1.258228858311971
3265,-1.3048365513483684
3266,-1.3492255040577479
3267,-1.382897138595581
3268,-1.4045254389444988
3269,-1.4231239755948384
3270,-1.4258315761884053
3271,-1.3661735852559407
3272,-1.3116782903671265
3273,-1.2830249468485515
3274,-1.2731463611125946
3275,-1.249230946813311
3276,-1.2262425621350606
3277,-1.2038233280181885
3278,-1.2279706597328186
3279,-1.2613120675086975
3280,-1.2891737620035808
3281,-1.2830424110094707
3282,-1.2887209455172222
3283,-1.2381414572397869
3284,-1.2359189987182617
3285,-1.2502216498057048
3286,-1.270841977813027
3287,-1.267106090273176
3288,-1.249703625837962
3289,-1.246454616387685
3290,-1.2727550864219666
3291,-1.3079087734222412
3292,-1.3284221490224202
3293,-1.352475921312968
3294,-1.3579132159550984
3295,-1.359955648581187
3296,-1.3473129669825237
3297,-1.3294707536697388
3298,-1.3265887390483508
3299,-1.3216784397761028
3300,-1.2984864234924316
3301,-1.30095640818278
3302,-1.3673795461654663
3303,-1.412101944287618
3304,-1.4254779418309529
3305,-1.3964184075593948
3306,-1.3285481135050456
3307,-1.291745702425639
3308,-1.305379033088684
3309,-1.3319492141405742
3310,-1.3745277523994446
3311,-1.399395744005839
3312,-1.4155210597174508
3313,-1.429032291684832
3314,-1.426120658715566
3315,-1.448797305425008
3316,-1.4487828413645427
3317,-1.4071151614189148
3318,-1.337373668497259
3319,-1.3148979743321736
3320,-1.268259843190511
3321,-1.2194381952285767
3322,-1.1823217582702636
3323,-1.2302272717158
3324,-1.2155250509579976
3325,-1.2106863657633464
3326,-1.280584168434143
3327,-1.341557953092787
3328,-1.3825239539146423
3329,-1.3785717288653057
3330,-1.3513856728871663
3331,-1.3353007598356768
3332,-1.3225846687952678
3333,-1.2824819684028625
3334,-1.2168631920447717
3335,-1.252234935760498
3336,-1.456555704275767
3337,-1.4913271903991698
3338,-1.4957762002944945
3339,-1.425898164510727
3340,-1.292580315044948
3341,-1.2858367264270782
3342,-1.3163469314575196
3343,-1.2920500834782918
3344,-1.3005473505366931
3345,-1.2901373982429505
3346,-1.2330770393212636
3347,-1.1774241209030152
3348,-1.183316707611084
3349,-1.2573162217934926
3350,-1.365866752771231
3351,-1.3957992593447368
3352,-1.3530911922454834
3353,-1.312201976776123
3354,-1.2802608288251436
3355,-1.2189303994178773
3356,-1.2055763105551403
3357,-1.2372858673334122
3358,-1.2547176380952199
3359,-1.2819505433241527
3360,-1.2727083921432496
3361,-1.2525384624799092
3362,-1.2186454751274802
3363,-1.1521311081372774
3364,-1.1339064598083497
3365,-1.129548450311025
3366,-1.1540823741392656
3367,-1.2023196870630437
3368,-1.231634755929311
3369,-1.2126176953315735
3370,-1.2349074880282085
3371,-1.3092277199029922
3372,-1.3893017218663142
3373,-1.3553041716416676
3374,-1.3082322835922242
3375,-1.294641117254893
3376,-1.2508027228442105
3377,-1.1893078565597535
3378,-1.1976376920938492
3379,-1.2126880685488384
3380,-1.2243814865748088
3381,-1.224314530690511
3382,-1.1754095330834389
3383,-1.1241702735424042
3384,-1.1756467700004578
3385,-1.2704630374908448
3386,-1.3251191973686218
3387,-1.3579647064208984
3388,-1.4017941355705261
3389,-1.3896060228347777
3390,-1.3264894088109334
3391,-1.2757630467414856
3392,-1.2805921932061513
3393,-1.2312739610671997
3394,-1.2036921050813463
3395,-1.2111475202772353
3396,-1.3465283155441283
3397,-1.3890565514564515
3398,-1.3701548684727063
3399,-1.43561851978302
3400,-1.450276255607605
3401,-1.4064756764305963
3402,-1.3267609000205993
3403,-1.3286571204662323
3404,-1.3657771532352154
3405,-1.2978836059570313
3406,-1.1847566664218903
3407,-1.1532670110464096
3408,-1.2629499652168967
3409,-1.3941209316253662
3410,-1.5108068722944994
3411,-1.5264386336008708
3412,-1.4757979114850361
3413,-1.435474415620168
3414,-1.4071902632713318
3415,-1.432000716527303
3416,-1.4626498818397522
3417,-1.4570684631665547
3418,-1.3905026316642761
3419,-1.311647355556488
3420,-1.2768970489501954
3421,-1.2494389414787292
3422,-1.238027811050415
3423,-1.2311198512713115
3424,-1.21958988904953
3425,-1.263533850510915
3426,-1.2890817721684773
3427,-1.315372884273529
3428,-1.368832841515541
3429,-1.4135479132334392
3430,-1.4611921906471252
3431,-1.4877382665872574
3432,-1.4969313542048137
3433,-1.4809063374996185
3434,-1.4506290980747767
3435,-1.4142805933952332
3436,-1.3943833112716675
3437,-1.4008468588193257
3438,-1.3952304522196453
3439,-1.4085771015712194
3440,-1.4741099923849106
3441,-1.5215003490447998
3442,-1.5108686685562134
3443,-1.5119944016138713
3444,-1.5202918251355488
3445,-1.6007565061251323
3446,-1.621623260634286
3447,-1.5236878991127014
3448,-1.4253703355789185
3449,-1.4221819639205933
3450,-1.4363139271736145
3451,-1.4647978782653808
3452,-1.4883409142494202
3453,-1.467160940170288
3454,-1.3964842359224956
3455,-1.3745658000310261
3456,-1.330884337425232
3457,-1.2860931754112244
3458,-1.2576315800348918
3459,-1.2764113346735637
3460,-1.343011697133382
3461,-1.4050734837849934
3462,-1.502757469813029
3463,-1.5779451727867126
3464,-1.6121479272842407
3465,-1.5836834907531738
3466,-1.4789846284048898
3467,-1.4171089828014374
3468,-1.40488862991333
3469,-1.4097657203674316
3470,-1.4355788429578145
3471,-1.4613033771514892
3472,-1.4849862456321716
3473,-1.4821770787239075
3474,-1.4733408689498901
3475,-1.455623209476471
3476,-1.477808654308319
3477,-1.5104033748308818
3478,-1.5163695812225342
3479,-1.4594589074452717
3480,-1.3725950320561726
3481,-1.3128629326820374
3482,-1.2795207738876342
3483,-1.3062755862871807
3484,-1.3657580614089966
3485,-1.413511335849762
3486,-1.4291968941688538
3487,-1.434545377890269
3488,-1.4354426910479863
3489,-1.5151130184531212
3490,-1.5834627469380698
3491,-1.5709563493728638
3492,-1.5309243301550548
3493,-1.514636794726054
3494,-1.521936019261678
3495,-1.5098982197897775
3496,-1.5099405220576696
3497,-1.4629525939623516
3498,-1.4528687642170832
3499,-1.4453698595364888
3500,-1.4633898484079462
3501,-1.3736006447247096
3502,-1.3939678966999054
3503,-1.5022508263587953
3504,-1.501914660135905
3505,-1.5172492606299264
3506,-1.6200573325157166
3507,-1.6082388401031493
3508,-1.5366279397692
3509,-1.4676995447703771
3510,-1.413844257593155
3511,-1.3962751428286235
3512,-1.3777602314949036
3513,-1.3593858083089192
3514,-1.3940854787826538
3515,-1.4163785321371896
3516,-1.4043735563755035
3517,-1.3938328921794891
3518,-1.3705670966042414
3519,-1.3671589891115825
3520,-1.443950390815735
3521,-1.50946344435215
3522,-1.5201100558042526
3523,-1.5884570876757305
3524,-1.6032903989156086
3525,-1.5394543409347534
3526,-1.4611249089241027
3527,-1.3547328540257044
3528,-1.3652647563389368
3529,-1.381299763917923
3530,-1.3961021304130554
3531,-1.407833496729533
3532,-1.4204459587732952
3533,-1.4391662240028382
3534,-1.468147834142049
3535,-1.5142271178109306
3536,-1.5476356011170607
3537,-1.5388866464296977
3538,-1.5555373032887776
3539,-1.5517176588376362
3540,-1.564942376954215
3541,-1.5751762787501018
3542,-1.509351670742035
3543,-1.4301807483037312
3544,-1.3662588596343994
3545,-1.307040313879649
3546,-1.2351409673690796
3547,-1.210619370142619
3548,-1.2854720895940608
3549,-1.4258031930242265
3550,-1.4643781383832295
3551,-1.4415961265563966
3552,-1.4683812409639359
3553,-1.4823520051108465
3554,-1.4304550687472026
3555,-1.463271403312683
3556,-1.512011393904686
3557,-1.5066075325012207
3558,-1.539136216044426
3559,-1.530430167913437
3560,-1.4594741066296895
3561,-1.4228539168834686
3562,-1.4423795257295882
3563,-1.4015838702519734
3564,-1.3854682892560959
3565,-1.3723361094792683
3566,-1.355731725692749
3567,-1.3035714824994404
3568,-1.3596537846785326
3569,-1.4837228059768677
3570,-1.5183689764567785
3571,-1.4563336571057637
3572,-1.4022685289382935
3573,-1.3881552418073018
3574,-1.4119900067647297
3575,-1.4460001843316215
3576,-1.4982629617055256
3577,-1.521082067489624
3578,-1.550089031457901
3579,-1.5721315470608799
3580,-1.5142043083906174
3581,-1.4051415655348036
3582,-1.3959022164344788
3583,-1.433552319353277
3584,-1.3974151611328125
3585,-1.358426531155904
3586,-1.3718472520510356
3587,-1.3794702490170796
3588,-1.370192133463346
3589,-1.407152275244395
3590,-1.3812296986579895
3591,-1.3647143500191825
3592,-1.3923872879573278
3593,-1.3707631707191468
3594,-1.3760310014088948
3595,-1.4087568124135335
3596,-1.4274696310361226
3597,-1.4215870648622513
3598,-1.40706072251002
3599,-1.333340088526408
3600,-1.400463793012831
3601,-1.4676388104756672
3602,-1.490251064300537
3603,-1.5247200727462769
3604,-1.548676696690646
3605,-1.5286668837070465
3606,-1.4921449820200603
3607,-1.438035249710083
3608,-1.350443919499715
3609,-1.3421874245007832
3610,-1.3902965386708577
3611,-1.4609477009092058
3612,-1.566030999024709
3613,-1.5760363472832575
3614,-1.5582034786542256
3615,-1.5474085074204664
3616,-1.5155332883199055
3617,-1.4878569841384888
3618,-1.4680442015329997
3619,-1.4656887905938285
3620,-1.431479498744011
3621,-1.4267219066619874
3622,-1.4408833583196003
3623,-1.5579964105899518
3624,-1.6712857683499653
3625,-1.702728847662608
3626,-1.6934859901666641
3627,-1.6218833128611247
3628,-1.4907056358125474
3629,-1.3803187161684036
3630,-1.374372919400533
3631,-1.4053033590316772
3632,-1.4187466263771058
3633,-1.421865667615618
3634,-1.4576682448387146
3635,-1.444691640990121
3636,-1.4084124207496642
3637,-1.39370858669281
3638,-1.4514253934224446
3639,-1.5121160653921275
3640,-1.5318986360843365
3641,-1.4841615557670593
3642,-1.4636770337820053
3643,-1.489643903879019
3644,-1.463019381869923
3645,-1.497172514597575
3646,-1.536058485507965
3647,-1.5888131658236186
3648,-1.650007685025533
3649,-1.6620896309614182
3650,-1.7038947608735826
3651,-1.7096112221479416
3652,-1.68710192044576
3653,-1.6475958973169327
3654,-1.622381369272868
3655,-1.6174668272336323
3656,-1.598840389932905
3657,-1.575376033782959
3658,-1.526044209798177
3659,-1.4533363495554243
3660,-1.408015489578247
3661,-1.4659733573595684
3662,-1.540881097316742
3663,-1.58815099298954
3664,-1.5999584794044495
3665,-1.5279101212819417
3666,-1.5132566491762798
3667,-1.505270208631243
3668,-1.494695524374644
3669,-1.5043516556421916
3670,-1.5316863805055618
3671,-1.6369817554950714
3672,-1.7109476526578267
3673,-1.7423274318377178
3674,-1.7867378337042672
3675,-1.787886957327525
3676,-1.7035391926765442
3677,-1.60690438747406
3678,-1.5294511318206787
3679,-1.429244081179301
3680,-1.3895588119824727
3681,-1.4236967364947002
3682,-1.4841288447380065
3683,-1.5652248740196228
3684,-1.5918572068214416
3685,-1.592050654547555
3686,-1.4883159490732045
3687,-1.4374678986413139
3688,-1.4324806928634644
3689,-1.4355299472808838
3690,-1.4712682167689006
3691,-1.4736790508031845
3692,-1.46889785528183
3693,-1.486918608347575
3694,-1.501954619701092
3695,-1.5073358178138734
3696,-1.4961709380149841
3697,-1.5069061994552613
3698,-1.5766484240690868
3699,-1.6549262404441833
3700,-1.6514660716056824
3701,-1.652104878425598
3702,-1.6440161267916362
3703,-1.6176641980806987
3704,-1.5200552543004353
3705,-1.4517845085689
3706,-1.4538764953613281
3707,-1.5173825195857458
3708,-1.6085539189251987
3709,-1.6692712174521551
3710,-1.6594015955924988
3711,-1.6039751321077347
3712,-1.5491848162242345
3713,-1.5029075940450032
3714,-1.490556972367423
3715,-1.5635328054428101
3716,-1.6496117413043976
3717,-1.672451337178548
3718,-1.6763519048690796
3719,-1.6766615957021713
3720,-1.6649063229560852
3721,-1.7088078459103901
3722,-1.7214388677052088
3723,-1.7489675680796306
3724,-1.7532353003819783
3725,-1.680842638015747
3726,-1.6242936849594116
3727,-1.6128630638122559
3728,-1.6179353713989257
3729,-1.5980613430341084
3730,-1.5656154950459797
3731,-1.5204137086868286
3732,-1.4746537446975707
3733,-1.4588710069656372
3734,-1.4730394283930461
3735,-1.4827144026756287
3736,-1.530773788690567
3737,-1.5721141576766968
3738,-1.6572082191705704
3739,-1.688077727953593
3740,-1.6544784818376814
3741,-1.665734350681305
3742,-1.6444339156150818
3743,-1.6218083103497822
3744,-1.633766531944275
3745,-1.6439001560211182
3746,-1.6767423748970032
3747,-1.8030982783862524
3748,-1.7357327938079834
3749,-1.677385946114858
3750,-1.681082632806566
3751,-1.7137349049250286
3752,-1.8104105729323168
3753,-1.8353764414787292
3754,-1.771242544054985
3755,-1.6800366163253784
3756,-1.6193063855171204
3757,-1.575060036447313
3758,-1.5797088146209717
3759,-1.6457139070217426
3760,-1.7134257157643635
3761,-1.7229340473810832
3762,-1.7197068333625793
3763,-1.7484615047772725
3764,-1.7664874196052551
3765,-1.8099883596102397
3766,-1.8376954992612202
3767,-1.8555762469768524
3768,-1.8452270825703938
3769,-1.8174662987391155
3770,-1.776505708694458
3771,-1.7456824630498886
3772,-1.7502243717511494
3773,-1.768759290377299
3774,-1.7660045425097148
3775,-1.7372369766235352
3776,-1.6865083972613018
3777,-1.680141766866048
3778,-1.6335638231701322
3779,-1.6332667271296184
3780,-1.6309287190437316
3781,-1.5817999669483729
3782,-1.5884152889251708
3783,-1.6022914052009583
3784,-1.6093298991521199
3785,-1.7203688753975763
3786,-1.773634930451711
3787,-1.7990386088689168
3788,-1.793054203192393
3789,-1.735666816884821
3790,-1.699831223487854
3791,-1.6843647559483845
3792,-1.6610280752182007
3793,-1.6734367251396178
3794,-1.686273455619812
3795,-1.7011130452156067
3796,-1.7090009301900864
3797,-1.6774651408195496
3798,-1.5799817376666598
3799,-1.480300498008728
3800,-1.5016327619552612
3801,-1.6547201772530873
3802,-1.8314257178987776
3803,-1.8221615314483643
3804,-1.7743666853223528
3805,-1.7256873846054077
3806,-1.7443158229192097
3807,-1.752951741218567
3808,-1.7685023148854573
3809,-1.8125569820404053
3810,-1.814451237519582
3811,-1.8193904042243958
3812,-1.7591862479845684
3813,-1.7474287152290344
3814,-1.7101366718610127
3815,-1.6571014920870464
3816,-1.6403181552886963
3817,-1.5937110781669617
3818,-1.514339764912923
3819,-1.5208256509568956
3820,-1.6345314184824626
3821,-1.6917850017547607
3822,-1.718140721321106
3823,-1.6904452919960022
3824,-1.6513080596923828
3825,-1.6282127857208253
3826,-1.6206089059511821
3827,-1.6782652139663696
3828,-1.7401982347170513
3829,-1.7879605054855348
3830,-1.7969065308570862
3831,-1.7719232241312664
3832,-1.763809084892273
3833,-1.7359978755315144
3834,-1.7116936047871907
3835,-1.734889308611552
3836,-1.7907993644475937
3837,-1.8807729721069335
3838,-1.922497570514679
3839,-1.8232090473175049
3840,-1.693179802461104
3841,-1.605573868751526
3842,-1.5715472221374511
3843,-1.553215891122818
3844,-1.652858664592107
3845,-1.712480624516805
3846,-1.707610309123993
3847,-1.7029955387115479
3848,-1.693144178390503
3849,-1.6564120054244995
3850,-1.6674968429974146
3851,-1.723159384727478
3852,-1.78101380666097
3853,-1.8145853281021118
3854,-1.8349780291318893
3855,-1.814211755990982
3856,-1.73152760664622
3857,-1.6959304213523865
3858,-1.70664943754673
3859,-1.7067862351735432
3860,-1.8157597035169601
3861,-1.910390019416809
3862,-1.9091786971459022
3863,-1.8704013228416443
3864,-1.7816775560379028
3865,-1.7367253700892131
3866,-1.6903763612111409
3867,-1.606282975938585
3868,-1.5579298496246339
3869,-1.6164937416712444
3870,-1.6664149165153503
3871,-1.6641250451405842
3872,-1.6849308252334594
3873,-1.6836866651262556
3874,-1.6608868718147278
3875,-1.6697886288166046
3876,-1.6693829417228698
3877,-1.7527523040771484
3878,-1.8355440855026246
3879,-1.8087666779756546
3880,-1.759665274620056
3881,-1.7358696103096007
3882,-1.7661189692361015
3883,-1.7862922549247742
3884,-1.7755616903305054
3885,-1.740649143854777
3886,-1.762638223171234
3887,-1.7251943349838257
3888,-1.7475199848413467
3889,-1.777108520269394
3890,-1.8028964757919312
3891,-1.8457537740468979
3892,-1.8558039267857869
3893,-1.8909239649772644
3894,-1.8945777075631278
3895,-1.851250131924947
3896,-1.7977171486074275
3897,-1.8210965394973755
3898,-1.8440429705839891
3899,-1.895486687359057
3900,-1.8642277717590332
3901,-1.8091769069433212
3902,-1.798207265990121
3903,-1.7741491198539734
3904,-1.7467866084154915
3905,-1.753384727698106
3906,-1.7307769457499187
3907,-1.7209198276201885
3908,-1.697153403208806
3909,-1.721957306067149
3910,-1.8158248662948608
3911,-1.815912703673045
3912,-1.7786349534988404
3913,-1.7807913621266682
3914,-1.7340773820877076
3915,-1.6986695329348247
3916,-1.7395783066749573
3917,-1.7720418373743694
3918,-1.758689522743225
3919,-1.7809865325689316
3920,-1.823960800965627
3921,-1.8397538900375365
3922,-1.888944387435913
3923,-1.8921821355819701
3924,-1.852570613225301
3925,-1.7844356179237366
3926,-1.7450995445251465
3927,-1.7425416707992554
3928,-1.728500986099243
3929,-1.6640215814113617
3930,-1.6724194089571636
3931,-1.6915932893753052
3932,-1.6983584761619568
3933,-1.709514319896698
3934,-1.7199643452962239
3935,-1.7029515504837036
3936,-1.702784694158114
3937,-1.6794787049293518
3938,-1.6874876939333403
3939,-1.697135090827942
3940,-1.7689638462933628
3941,-1.8086153727311354
3942,-1.883239045739174
3943,-1.885527041223314
3944,-1.83655161517007
3945,-1.7857209046681721
3946,-1.744894814491272
3947,-1.7348151405652363
3948,-1.7157371242841084
3949,-1.7223310669263203
3950,-1.7423296769460042
3951,-1.7517482212611608
3952,-1.7737031777699788
3953,-1.7907164295514424
3954,-1.8172316551208496
3955,-1.8589029908180237
3956,-1.890718650817871
3957,-1.8879033459557428
3958,-1.8510887622833252
3959,-1.7785943963310935
3960,-1.763197898864746
3961,-1.7951072603464127
3962,-1.8675900548696518
3963,-1.7896162271499634
3964,-1.7660260995229085
3965,-1.7746615239552088
3966,-1.7527129099919245
3967,-1.71885351339976
3968,-1.7684038536889213
3969,-1.7943681955337525
3970,-1.7873758316040038
3971,-1.782950182755788
3972,-1.7986743558536877
3973,-1.8048597772916157
3974,-1.8050892220603094
3975,-1.818536415696144
3976,-1.8347990751266479
3977,-1.8238847454388936
3978,-1.8047849110194616
3979,-1.7592325955629349
3980,-1.6631713509559631
3981,-1.6047651171684265
3982,-1.6485382318496704
3983,-1.7257119774818421
3984,-1.7463253140449524
3985,-1.7508779764175415
3986,-1.815752387046814
3987,-1.9234638214111328
3988,-1.9662694334983826
3989,-2.0677818775177004
3990,-2.0868292649586997
3991,-2.0543178717295327
3992,-1.9628180662790935
3993,-1.775121346116066
3994,-1.7353429794311523
3995,-1.725434081895011
3996,-1.7753020099231176
3997,-1.875346561272939
3998,-1.9540660858154297
3999,-1.950470975467137
4000,-1.9221595128377278
4001,-1.857790728410085
4002,-1.796697187423706
4003,-1.7706006935664587
4004,-1.7776083548863728
4005,-1.8516767621040344
4006,-1.8703813950220745
4007,-1.8591026266415913
4008,-1.8788886666297913
4009,-1.9399150808652241
4010,-1.9729072451591492
4011,-1.9557158946990967
4012,-1.9069342215855916
4013,-1.878651996453603
4014,-1.8921939134597778
4015,-1.9389301776885985
4016,-1.9409340421358745
4017,-1.8824567000071208
4018,-1.8193405071894329
4019,-1.7684726317723591
4020,-1.7875085671742756
4021,-1.8158214688301086
4022,-1.8343907793362935
4023,-1.8063642581303914
4024,-1.7385084827740986
4025,-1.692949891090393
4026,-1.6992655396461487
4027,-1.7134783069292705
4028,-1.7897100448608398
4029,-1.8167612722941808
