episode,critic1_loss
0,0.0
1,0.0
2,0.0
3,4.399621556202571
4,3.545951753854752
5,4.324299812316895
6,5.857996344566345
7,6.003752529621124
8,6.182729125022888
9,6.661268329620361
10,7.6258339285850525
11,9.731400847434998
12,8.293478012084961
13,11.438956022262571
14,8.49530565738678
15,10.950031757354736
16,10.19964075088501
17,11.58004093170166
18,11.613183736801147
19,9.12968683242798
20,12.796877145767212
21,12.345797729492189
22,12.28388843536377
23,11.63695240020752
24,11.103000164031982
25,9.221052169799805
26,12.674010753631592
27,12.782322883605955
28,11.26560091972351
29,9.93647527694702
30,13.028167486190796
31,18.76879978179932
32,20.378078733171737
33,11.966569857163863
34,12.066510677337646
35,15.969012433832342
36,15.97872667312622
37,14.17363953590393
38,14.136883656183878
39,18.027766466140747
40,11.819377899169922
41,15.36090850830078
42,12.944989776611328
43,14.23542423248291
44,12.614224243164063
45,15.577397346496582
46,13.906318855285644
47,16.846707026163738
48,17.911324977874756
49,10.431729316711426
50,14.076254632737902
51,15.522150993347168
52,12.599310738699776
53,13.279141426086426
54,17.576677894592287
55,17.06128752231598
56,14.090877723693849
57,15.507484277089436
58,11.0558842420578
59,12.861625936296251
60,12.228152881969104
61,13.83679449558258
62,12.003495454788208
63,12.3385831287929
64,10.07644635438919
65,15.421932458877563
66,16.537609736124676
67,14.408506965637208
68,11.83833703994751
69,10.413285636901856
70,11.955917930603029
71,15.731271147727966
72,13.682163000106812
73,15.75126838684082
74,12.301899242401124
75,13.114443016052244
76,12.070873832702636
77,13.392290496826172
78,9.661983299255372
79,15.776153564453123
80,15.401250771113803
81,14.266594568888346
82,14.96219236200506
83,15.171745681762696
84,15.907536188761393
85,12.053958415985107
86,15.542009925842285
87,15.065596512385778
88,15.511231899261476
89,11.28255613644918
90,11.35907014211019
91,16.011431312561037
92,10.712222046322292
93,11.066116619110108
94,10.707154989242554
95,13.93017590045929
96,10.96919600168864
97,20.239146423339843
98,14.35195084980556
99,10.726612949371338
100,13.823709106445312
101,20.18035125732422
102,12.790160860334124
103,15.82598658970424
104,10.49507577078683
105,13.123067696889242
106,14.320123481750487
107,14.444934606552124
108,13.727460013495552
109,16.53132450580597
110,18.1793105006218
111,10.979378938674929
112,10.291443877749971
113,11.21361247698466
114,16.179854345321655
115,12.367489284939236
116,12.664102474848429
117,16.255776935153538
118,16.586443000369602
119,12.951040784517923
120,12.41222825050354
121,11.965240061283112
122,18.357340971628823
123,10.24804437160492
124,11.926576554775238
125,11.920643719759854
126,15.554614162445068
127,12.559605492485892
128,15.672705703311497
129,13.158357286453247
130,14.755698108673096
131,10.129858710549094
132,11.086655616760254
133,16.222084257337784
134,15.462925386428832
135,13.66828695933024
136,16.745261245303684
137,15.3849901093377
138,13.998151493072507
139,19.820674896240234
140,10.837466716766356
141,10.648375630378723
142,11.471414947509766
143,11.952093442281088
144,12.967715899149576
145,8.16690190633138
146,21.420384407043457
147,20.46710860729217
148,14.415404319763184
149,17.31944332122803
150,14.093024730682371
151,13.851797103881836
152,11.907227396965029
153,10.070599873860678
154,14.795758247375488
155,12.748260974884031
156,20.967950582504272
157,10.055095434188845
158,11.15402889251709
159,22.37614568074544
160,19.21967347462972
161,12.503939819335937
162,11.794590711593628
163,20.1403603553772
164,14.20014762878418
165,9.256005048751833
166,15.811297416687012
167,12.575266361236572
168,18.078271230061848
169,13.675508817036947
170,12.551562309265137
171,21.98019854227702
172,10.781763394673666
173,12.757384141286217
174,18.193362871805828
175,17.667692184448242
176,13.982241749763489
177,18.50997948646545
178,17.617732048034668
179,10.337533950805664
180,16.355796098709106
181,11.23708979288737
182,18.02290105819702
183,23.166570901870728
184,14.85507106781006
185,10.462957859039308
186,15.531219482421877
187,15.003518342971802
188,8.358204364776611
189,15.911269823710125
190,15.327011426289875
191,14.81406339009603
192,24.24413108825684
193,19.55640517340766
194,17.820059935251873
195,13.378992080688477
196,18.87914562225341
197,11.557198267716627
198,16.845349008386787
199,19.95005590265448
200,15.39213616507394
201,12.755301292125996
202,12.26339036768133
203,12.88086873292923
204,19.87548557917277
205,15.24381399154663
206,15.216402580863551
207,12.664312969554556
208,15.718282651901244
209,12.852430820465088
210,17.048893928527832
211,14.48016631603241
212,15.555207399221567
213,12.440820376078287
214,11.33186173439026
215,10.052623748779297
216,13.992969853537424
217,18.560151316902854
218,12.008001804351808
219,24.91434860229492
220,13.27933927377065
221,14.517857985063031
222,14.734308348761664
223,10.680254936218262
224,13.567561864852903
225,14.117770075798036
226,17.248902320861816
227,14.99091210961342
228,15.537781397501629
229,15.224235773086548
230,17.509015853588398
231,14.6340871281094
232,15.381406556992305
233,14.14749805132548
234,16.706188519795734
235,15.483020695773035
236,16.89409023172715
237,16.915012465582954
238,15.49421773638044
239,15.047957102457682
240,20.357967472076417
241,10.338749647140505
242,14.604478048241656
243,15.305547826430375
244,16.96244421005249
245,13.99792320387704
246,16.725881886482238
247,11.96243453025818
248,15.962242984771729
249,14.83281614780426
250,10.338755316204496
251,15.3747226079305
252,20.65400759379069
253,14.987987101078032
254,20.842306792736053
255,17.13222340742747
256,14.56375204889398
257,17.885863477533515
258,13.693063345822422
259,20.74350796805488
260,14.466096878051758
261,18.91398991857256
262,14.152951955795288
263,16.217312177022297
264,17.59715042114258
265,16.554226807185582
266,22.132590207186613
267,18.76699434007917
268,21.24669845104217
269,15.673020499093193
270,11.56175509366122
271,12.240235996246335
272,15.862171363830566
273,14.251581941332136
274,11.394332885742188
275,12.948554107121058
276,13.68285834789276
277,13.62104618549347
278,14.358226696650188
279,16.23252895474434
280,19.24697589874268
281,16.85259038209915
282,14.30797139081088
283,12.985195994377136
284,22.982374572753905
285,17.00192004442215
286,12.597610070155216
287,20.79212960600853
288,16.51593691110611
289,14.995472311973572
290,14.534297545750936
291,15.589534356043888
292,18.35987322671073
293,18.172154017857142
294,14.645960287614304
295,12.932349920272827
296,14.672977149486542
297,13.10530138015747
298,19.187057971954346
299,14.378206952412922
300,13.797102080451118
301,20.83022385835648
302,18.893866658210754
303,12.793322722117106
304,26.229613304138184
305,16.58809889279879
306,16.20306314740862
307,22.436684131622314
308,15.64867455618722
309,6.084427356719971
310,27.90171813964844
311,13.05595588684082
312,14.878423261642457
313,15.595574595711447
314,15.489615006880326
315,18.5919189453125
316,18.196882671780056
317,14.984342204199898
318,16.966238074832493
319,15.875717639923096
320,18.78570240736008
321,20.003966093063354
322,14.81560320854187
323,14.175476604037817
324,15.381707509358725
325,16.979040479660036
326,17.074083588340066
327,16.85995455792076
328,20.478742440541584
329,23.062825679779053
330,16.211593103408813
331,19.54654937320285
332,14.35579320362636
333,20.785542726516724
334,13.938108444213867
335,17.306605762905544
336,19.654249286651613
337,17.15460612557151
338,18.2493112303994
339,15.078371592930385
340,20.84034855025155
341,14.949972179200914
342,21.730829000473022
343,13.426057529449462
344,14.045780372619628
345,21.613652388254803
346,16.969259398324148
347,16.017332363128663
348,18.215616544087727
349,19.348895506425336
350,17.280656269618444
351,21.52969043905085
352,24.29456734657288
353,14.948872522874312
354,16.139730310440065
355,18.8260187625885
356,16.200517177581787
357,14.992304833730062
358,17.106410026550293
359,15.748644562328565
360,16.308737500508627
361,19.00635417302449
362,18.228250162942068
363,10.680613604458896
364,15.38645315170288
365,20.24187741960798
366,16.748715930514866
367,22.44595282418388
368,15.082281748453775
369,15.488266706466677
370,19.787085396902903
371,17.64436403910319
372,18.41561324255807
373,14.089228683047825
374,22.155181169509888
375,24.81551456451416
376,18.237549424171448
377,21.21489715576172
378,21.30621490478516
379,23.320882320404053
380,15.086125241385568
381,14.65414457321167
382,19.43369216918945
383,19.68832802772522
384,24.3305290222168
385,18.11271369457245
386,9.121307277679444
387,19.804937481880188
388,16.18809647993608
389,9.677688598632812
390,20.189697325229645
391,15.849838197231293
392,14.74254846572876
393,17.54091258049011
394,13.025078705378942
395,19.84226722717285
396,16.70962462425232
397,10.251839637756348
398,19.35528798898061
399,15.60009785493215
400,18.040788915422223
401,30.408813612801687
402,12.58615615632799
403,18.39821585019429
404,18.791315372173603
405,19.317167145865305
406,24.27096652984619
407,14.10842766080584
408,16.783469080924988
409,15.956127439226425
410,15.429348850250244
411,13.684671674455917
412,19.827598094940186
413,12.618703603744509
414,16.96326560974121
415,12.636829733848572
416,23.341134786605835
417,19.726891926356725
418,16.112272875649587
419,15.708459091186525
420,18.24387216567993
421,19.57033491134644
422,15.963262149265834
423,12.183351857321602
424,20.360771560668944
425,21.604878266652424
426,18.20163745880127
427,18.72607841491699
428,17.070882439613342
429,16.386231740315754
430,24.87861696879069
431,14.358420848846436
432,25.86820125579834
433,17.81048576037089
434,18.41465377807617
435,14.02401336034139
436,19.173999309539795
437,18.0555899143219
438,19.74616837501526
439,17.764339367548626
440,18.03202247619629
441,14.576212120056152
442,19.304992993672688
443,21.17271270751953
444,11.994516372680664
445,18.946118354797363
446,20.81868062700544
447,12.893736158098491
448,20.287314732869465
449,14.658025221391158
450,20.59122058323452
451,18.42713022232056
452,20.20077133178711
453,7.373340964317322
454,16.685462856292723
455,15.25965940952301
456,18.909692525863647
457,29.016161918640137
458,20.593133449554443
459,23.27623295783997
460,19.49568927288056
461,17.493066151936848
462,12.52453899383545
463,22.691181659698486
464,14.777199586232504
465,18.76217246055603
466,14.233420181274417
467,11.552828868230185
468,17.162345626137473
469,22.06205987930298
470,20.56575996535165
471,11.299274603525795
472,23.626548767089844
473,11.534217278162638
474,16.136211585998534
475,20.63346939086914
476,14.62419307231903
477,14.172379970550535
478,12.718714618682862
479,22.50521469116211
480,17.32253352801005
481,24.31041669845581
482,18.339528401692707
483,25.85984706878662
484,13.490146398544312
485,22.94800930023193
486,16.193295288085938
487,17.80522632598877
488,11.194802284240724
489,17.49738597869873
490,16.707062981345437
491,27.96072149276733
492,16.98099023103714
493,23.248353958129883
494,16.248898877037895
495,16.40286132267543
496,20.941941261291504
497,17.812485694885254
498,19.45732701619466
499,14.345878982543946
500,18.04339509010315
501,16.218622641129926
502,13.47168493270874
503,23.84511439005534
504,20.95145167244805
505,20.639772987365724
506,19.34636942545573
507,13.593981981277466
508,13.490781664848328
509,20.4749402999878
510,17.395819664001465
511,24.341657161712646
512,14.20359230041504
513,12.751499652862549
514,14.47877311706543
515,17.52940281232198
516,19.933512926101685
517,15.788384437561035
518,19.89363718032837
519,17.36729383468628
520,9.893468856811523
521,19.478542137146
522,14.72008934020996
523,16.660349096570695
524,15.992201010386148
525,24.21338200569153
526,15.659773349761965
527,12.684480667114258
528,16.35174051920573
529,17.141368359327316
530,14.98004605553367
531,18.3782821893692
532,17.113792538642883
533,16.613782295813927
534,19.527545595169062
535,22.960625171661377
536,16.081606070200603
537,21.04538016319275
538,16.421645771373402
539,17.488209834465614
540,15.99773907661438
541,17.045382499694824
542,16.804738700389862
543,13.514981460571288
544,14.771386861801147
545,16.242392659187317
546,18.747883319854736
547,16.822345638275145
548,9.251891851425173
549,13.531285762786863
550,13.252269188563028
551,16.807910537719728
552,14.987336375496604
553,16.7753306388855
554,21.1152446269989
555,23.993518352508545
556,20.134207725524902
557,21.225166511535644
558,14.24177965751061
559,16.617226219177248
560,22.104776191711423
561,17.743634859720867
562,17.229670259687637
563,13.640101008945042
564,13.045470396677652
565,22.90977096557617
566,15.097615361213684
567,18.26490068435669
568,14.034708499908447
569,10.38245403766632
570,18.66147689819336
571,15.483384768168133
572,14.406210634443497
573,10.049335718154907
574,19.617031574249268
575,19.17781382799149
576,17.18439790180751
577,17.696929454803467
578,22.139657762315537
579,18.451372623443604
580,18.385350108146667
581,16.426637172698975
582,28.1751766204834
583,18.78382062911988
584,17.569917917251587
585,11.90283703804016
586,17.289637446403503
587,13.33140584400722
588,19.76129827499389
589,15.417495787143707
590,15.954426574707032
591,17.13723701900906
592,16.64357129732768
593,11.382468891143798
594,17.082203674316407
595,12.89663019180298
596,13.115690912519185
597,17.077650165557863
598,11.993265501658122
599,16.73771619796753
600,15.88376235961914
601,29.24693284715925
602,18.097940141504463
603,12.358412933349609
604,20.957504749298096
605,14.19568383693695
606,15.340545606613158
607,21.51236915588379
608,16.62476933002472
609,17.883053098406112
610,11.32222949133979
611,21.73006684439523
612,14.525253057479858
613,11.975518941879272
614,12.970295715332032
615,18.759749306572807
616,15.629618471319024
617,19.88344645500183
618,11.06919209162394
619,14.791000896030004
620,15.209335041046142
621,22.146602630615234
622,26.958965301513672
623,10.632827758789062
624,18.145404815673828
625,18.64904757908412
626,14.60580724477768
627,13.551316165924073
628,15.8486572265625
629,21.213622212409973
630,15.976416852739122
631,13.473612785339355
632,15.67821349038018
633,14.993633530356668
634,14.101385010613336
635,12.292918300628662
636,18.65550940377372
637,19.117825269699097
638,16.072914940970286
639,14.723507499694824
640,19.515151818593345
641,15.9637140750885
642,16.683791081110638
643,16.250670274098713
644,15.123241954379612
645,14.767217592759566
646,9.535511153084892
647,16.911230087280273
648,17.2252436876297
649,22.477644443511963
650,13.089566326141355
651,15.341330909729004
652,14.85187903317538
653,19.31127548217773
654,18.842998504638672
655,18.085983957563126
656,16.064273595809937
657,19.7959885597229
658,14.760414335462782
659,17.308996200561523
660,12.58500075340271
661,12.597732271466937
662,15.311594200134277
663,19.789606666564943
664,18.44593893397938
665,14.173898537953695
666,15.943320115407309
667,17.81656503677368
668,12.631395149230958
669,11.927168273925782
670,16.055422835879856
671,16.61658251285553
672,17.936412811279297
673,13.263520921979632
674,14.286566189357211
675,15.67571645975113
676,15.517729091644288
677,19.117842054367067
678,10.670458793640137
679,17.149562263488768
680,22.899379014968872
681,17.097155570983887
682,13.14192263285319
683,12.927096366882324
684,22.71926956176758
685,13.64978535970052
686,18.266155156222258
687,13.385817592794243
688,13.639640092849731
689,13.02387466430664
690,13.226394653320312
691,19.147144675254825
692,16.16992098093033
693,13.532695361546107
694,14.100816090901692
695,13.460430224736532
696,16.92506754398346
697,12.19923439025879
698,16.978999932607014
699,16.215038299560547
700,21.060010365077428
701,10.604039827982584
702,12.119847570146831
703,18.60830622911453
704,12.327980200449623
705,13.309686088562012
706,19.398677921295167
707,16.190797090530396
708,15.220157623291016
709,14.792112191518148
710,14.72625503540039
711,11.758651733398438
712,13.002449333667755
713,14.03221082687378
714,17.519777456919353
715,19.63335645198822
716,33.42319107055664
717,14.677677419450548
718,15.140468510714443
719,17.577031517028807
720,15.224107265472412
721,14.380637645721436
722,13.768574677980864
723,11.755000455038887
724,11.450724649429322
725,19.813348163257945
726,19.126508288913303
727,12.740500736236571
728,18.129409048292374
729,15.87589168548584
730,14.006631851196287
731,12.574569582939148
732,10.877991104125975
733,14.75508189201355
734,14.342147509256998
735,17.573686361312866
736,15.601692782508003
737,16.68385362625122
738,15.296608473125255
739,14.856398264567057
740,19.0108060836792
741,17.261274882725306
742,19.187262654304504
743,16.17470693588257
744,15.335850344763864
745,23.07585430145264
746,10.433459377288818
747,15.91146445274353
748,15.680968602498371
749,12.450694969722203
750,15.401818207332068
751,16.89008971623012
752,22.880262851715088
753,17.175986289978027
754,15.176847279071808
755,15.53296150479998
756,13.81023699896676
757,22.781290531158447
758,11.854839861392977
759,16.185466898812187
760,13.551941326686316
761,17.530943870544434
762,20.88065462112427
763,23.66254202524821
764,15.984251737594604
765,13.48811114918102
766,9.950198554992676
767,15.454185485839844
768,24.3637996673584
769,17.537122547626495
770,28.732792377471924
771,15.139105319976808
772,15.227240959803265
773,9.334894498189293
774,14.4264186223348
775,22.35077452659607
776,18.48150587081909
777,14.79771633942922
778,16.572982347928562
779,19.14475727081299
780,11.685932445526124
781,22.042828798294067
782,24.336381912231445
783,20.063039143880207
784,14.214167833328249
785,9.430102688925606
786,11.434775114059448
787,19.602524537306564
788,12.62177619934082
789,17.28446674346924
790,13.543390478406634
791,10.733318150043488
792,14.38786859512329
793,17.621836253574916
794,27.266236305236816
795,12.902171969413756
796,16.337724018096925
797,18.62454168001811
798,14.623455142974851
799,11.88459815979004
800,13.078152751922609
801,17.420696914196014
802,15.013446147625263
803,21.92883573878895
804,14.170442581176758
805,11.011937618255615
806,18.51570844650269
807,15.621497370980002
808,15.751917743682862
809,19.32719898223877
810,16.077050165696576
811,16.38480083147685
812,18.405220413208006
813,11.401968288421632
814,12.905623869462447
815,13.76148255666097
816,14.468554067611697
817,18.802397569020588
818,17.850140968958538
819,14.425833654403686
820,18.132532080014546
821,22.18545701768663
822,14.088456392288208
823,17.98774831945246
824,12.944624622662865
825,14.545996856689452
826,21.05102300643921
827,16.08518695831299
828,16.820735030704075
829,10.747486782073974
830,18.75641992357042
831,15.460904866456984
832,15.49358355998993
833,21.90933354695638
834,15.139978349208832
835,14.218241214752195
836,29.526042938232425
837,14.993265799113685
838,11.09383773803711
839,21.23647537231445
840,19.35633065150334
841,17.86070387704032
842,15.064408938090006
843,15.928494930267334
844,18.0596531033516
845,14.974955701828003
846,10.861580801010131
847,12.004970815446642
848,17.996294058286228
849,15.418772506713868
850,13.493798398971558
851,16.59634118331106
852,14.650794665018717
853,12.659434954325356
854,20.36471218532986
855,17.434109497070313
856,17.49079243342082
857,13.560632133483889
858,15.667747139930723
859,11.34519271850586
860,18.27325963973999
861,12.010770320892334
862,18.41458320617676
863,16.69690430164337
864,18.33029806613922
865,14.274319728215536
866,11.686746188572474
867,19.69978847503662
868,18.068687475644627
869,17.52581010546003
870,14.952846233661358
871,12.268731700049509
872,18.77970680823693
873,12.78932801882426
874,13.31082034111023
875,14.767610679973256
876,16.666121673583984
877,19.07598073141916
878,14.32952002116612
879,17.627994378407795
880,12.021181225776672
881,13.556124687194824
882,12.333649396896362
883,12.764205932617188
884,17.655994142804825
885,14.532154219491142
886,20.12585200203789
887,31.65824317932129
888,11.93746453523636
889,18.89826454435076
890,14.817534446716309
891,14.680052586964198
892,17.34772026538849
893,13.92136754989624
894,26.59958130972726
895,16.111703968048097
896,15.982380125257704
897,18.10109554637562
898,16.668937762578327
899,14.686891828264509
900,20.640727299910324
901,20.171708583831787
902,15.145636558532717
903,14.0192289352417
904,17.191711282730104
905,16.407875061035156
906,15.720889738627845
907,14.274856703622
908,14.472599665323893
909,16.20546919107437
910,15.182111316257052
911,13.724123477935793
912,16.084799003601074
913,14.77869192759196
914,14.63500052690506
915,20.56001281738281
916,17.219006729125976
917,21.151828002929687
918,16.27762767246791
919,17.240153471628826
920,19.350953102111816
921,14.434046983718872
922,16.93797085501931
923,13.962510871887208
924,13.393362331390382
925,10.485292502811976
926,14.79974703355269
927,17.05980614253453
928,14.577899177869162
929,20.88523232936859
930,13.92759590148926
931,21.62642584906684
932,15.7524307568868
933,12.7553822517395
934,30.153910446167
935,18.2574536535475
936,15.037950720105853
937,16.1453111966451
938,12.375109958648682
939,13.409306466579435
940,9.19915008544922
941,18.666023810704548
942,11.694949865341188
943,21.013594925403595
944,16.07930278778076
945,17.083484768867493
946,9.998106275285991
947,16.412113964557648
948,12.543178081512451
949,15.624353408813477
950,14.702765464782717
951,18.648454189300537
952,17.184283924102782
953,16.578097879886627
954,15.726492881774902
955,18.690916061401367
956,42.54783248901367
957,12.155784402574811
958,19.04829556601388
959,15.829615933554512
960,10.792453357151576
961,16.978539784749348
962,16.463719708578928
963,12.697605258540102
964,15.410041915045843
965,18.4697459765843
966,15.839292632208933
967,16.651324166191948
968,13.023764538764954
969,20.31877480612861
970,14.870745658874512
971,15.168989923265244
972,15.676596641540527
973,11.114189761025566
974,19.914415538311005
975,19.120367867606028
976,24.52247206370036
977,16.631301675524032
978,13.21030078615461
979,22.98458981513977
980,12.49438067844936
981,18.18429279327393
982,13.641874722072057
983,13.80958048502604
984,15.989332471575056
985,18.94531617845808
986,16.159106527056014
987,22.197301546732582
988,17.558531216212682
989,14.369250706263951
990,13.692224638802664
991,16.31746976515826
992,17.154978156089783
993,15.050535798072817
994,19.48423369725545
995,14.7605406443278
996,17.95781934261322
997,18.568013032277424
998,14.651733981238472
999,16.078204778524544
1000,16.566339901515416
1001,14.105135874314742
1002,18.025378386179607
1003,18.746573448181152
1004,18.925880432128903
1005,18.333549239418723
1006,17.705670595169067
1007,12.378772992354174
1008,14.665353351169164
1009,14.95806360244751
1010,14.21669626235962
1011,14.815682411193848
1012,13.637104034423828
1013,19.242922592163087
1014,17.580191578183854
1015,17.34772950410843
1016,17.467596237476055
1017,21.82650412453545
1018,10.859270095825195
1019,20.53458426548885
1020,14.036375826055352
1021,13.91009063720703
1022,14.098877429962158
1023,21.59214380809239
1024,20.706465287642047
1025,16.050699915204728
1026,9.48139750957489
1027,12.89091595736417
1028,16.39439402686225
1029,15.507984071969986
1030,13.947642130010268
1031,21.43655688946064
1032,19.28704488277436
1033,13.684499263763428
1034,14.211731607263738
1035,6.687973499298096
1036,20.41975784301757
1037,10.659135460853577
1038,14.876527052659254
1039,15.262661668989391
1040,13.45164451599121
1041,13.07538423538208
1042,12.04197951725551
1043,12.890667703416613
1044,16.104903787374496
1045,15.848572662898473
1046,15.744045994498514
1047,11.500200135367256
1048,12.949094908578056
1049,13.4316223859787
1050,19.288020133972168
1051,13.504101276397703
1052,13.814948844909669
1053,14.716244731630598
1054,17.544240315755207
1055,15.738214697156634
1056,17.02177842458089
1057,8.7018035252889
1058,16.29921362616799
1059,16.29249030893499
1060,13.410967707633972
1061,14.643750747044882
1062,16.912450229420383
1063,21.954429817199703
1064,15.163409900665282
1065,15.496984899044037
1066,22.08953799141777
1067,14.431491919926234
1068,18.87109817777361
1069,24.008924961090088
1070,14.858368873596191
1071,12.131291177537706
1072,10.86499031384786
1073,21.39782857894897
1074,18.02241784876043
1075,18.335757868630544
1076,12.8517804145813
1077,14.845804780721664
1078,15.89263042807579
1079,18.70626175403595
1080,21.90900573730469
1081,20.38911867141724
1082,17.326853434244793
1083,12.684255574878891
1084,17.169706344604492
1085,17.776634606448088
1086,16.01588013768196
1087,13.608505283083234
1088,16.58656824959649
1089,12.075880527496338
1090,10.611683785915377
1091,17.953392601013185
1092,16.95656582025381
1093,14.947757773929172
1094,14.506008052825928
1095,16.491597493489582
1096,17.225471900059627
1097,15.143600723960184
1098,15.095096015930176
1099,14.369482907381924
1100,12.12714138031006
1101,16.448681831359863
1102,10.606597995758056
1103,10.088071743647255
1104,14.621991528405085
1105,17.8075608253479
1106,14.1639564037323
1107,20.05930233001709
1108,17.192611575126648
1109,13.919048150380451
1110,19.77896107567681
1111,11.175987107413157
1112,16.57775287628174
1113,18.64523865959861
1114,19.281106842888725
1115,14.933200359344482
1116,17.157204075863486
1117,15.289356549580893
1118,16.632777750492096
1119,19.18057861328125
1120,21.60839486122132
1121,15.739881621466743
1122,17.258258746220516
1123,13.571949447904316
1124,16.296007857603186
1125,24.19849538803101
1126,11.442554664611816
1127,15.79266107082367
1128,13.639495929082235
1129,17.972573041915894
1130,19.192983627319336
1131,14.61246279307774
1132,11.485020372602674
1133,20.67816318784441
1134,17.82562313079834
1135,20.29656594991684
1136,16.378898938496906
1137,12.197449286778768
1138,11.712333917617798
1139,17.005930423736572
1140,16.375331189897324
1141,13.438368260860443
1142,13.03202496256147
1143,16.928245226542156
1144,17.528929060155694
1145,16.162143314585965
1146,16.008222389221192
1147,20.92455106973648
1148,15.65719406421368
1149,16.583147565523785
1150,23.17359435558319
1151,17.621466772896902
1152,14.745324929555258
1153,16.6424461878263
1154,16.285690996381973
1155,17.231786886850994
1156,11.443622997828893
1157,14.44772408803304
1158,17.060899691148236
1159,15.366202414035795
1160,19.58645796775818
1161,15.51248972756522
1162,19.502631902694706
1163,17.54850619179862
1164,16.52742723985152
1165,14.83153576321072
1166,16.372842661539714
1167,21.773112376530964
1168,17.89911739031474
1169,13.661100660051618
1170,17.54447236061096
1171,17.27011043885175
1172,17.70845095316569
1173,10.825601577758787
1174,19.481900896344865
1175,14.129687309265137
1176,14.55592918395996
1177,14.92373126745224
1178,17.326120535532635
1179,17.63827691759382
1180,19.682531436284386
1181,16.469103717803954
1182,15.1700713293893
1183,16.039544582366943
1184,15.72957976659139
1185,16.922837829589845
1186,11.889454984664916
1187,16.466726303100586
1188,18.960223234616794
1189,19.223439717292784
1190,14.55131769180298
1191,19.38346529006958
1192,13.52341115474701
1193,16.446869492530823
1194,14.66379427909851
1195,17.485800743103027
1196,14.265158089724451
1197,15.26921887397766
1198,12.12649913267656
1199,18.751489639282227
1200,13.155149546536531
1201,17.13502562046051
1202,17.132466713587444
1203,12.2489472495185
1204,16.90341877937317
1205,16.959784167153494
1206,16.884793077196395
1207,15.018464267253876
1208,19.05177974700928
1209,14.832003275553385
1210,17.481474939982096
1211,15.693011137155386
1212,20.747402297125923
1213,18.473820288976032
1214,15.828662157058716
1215,19.80073915209089
1216,14.034908731778463
1217,18.09866455623082
1218,22.0110026995341
1219,18.50234338972304
1220,13.926343110891487
1221,14.43720476443951
1222,17.565799117088318
1223,13.72846394777298
1224,17.422730445861816
1225,13.458497728620255
1226,12.91873243876866
1227,14.735366208212715
1228,21.9952814919608
1229,15.281977971394856
1230,23.149441242218018
1231,15.35379444469105
1232,15.249496817588806
1233,14.390895101759169
1234,14.433538615703585
1235,16.27427396774292
1236,19.01495007106236
1237,17.06178397602505
1238,16.26796754201253
1239,15.7730187069286
1240,15.5227403110928
1241,14.790373495646886
1242,14.96157932281494
1243,15.423332214355469
1244,17.461300577436173
1245,16.93209585776696
1246,18.018540334701537
1247,19.81279182434082
1248,14.790809949239096
1249,14.466374397277832
1250,16.365320682525635
1251,17.326385418574016
1252,16.847234422510322
1253,16.095797962612576
1254,20.74554369184706
1255,19.2012779372079
1256,20.797070121765135
1257,20.499519861661472
1258,23.434047971452987
1259,18.05490275791713
1260,19.81677210330963
1261,20.238221486409504
1262,15.653880596160889
1263,17.090691685676575
1264,18.466989517211918
1265,15.311207294464111
1266,15.607179641723633
1267,18.374235693613688
1268,13.046452045440674
1269,18.83010656183416
1270,15.487364905221122
1271,13.942422568798063
1272,17.823682367801666
1273,16.55336946911282
1274,19.060240459442134
1275,13.055395603179932
1276,11.69694573538644
1277,16.438343822956085
1278,15.882294654846191
1279,16.21171510219574
1280,14.022980076926094
1281,21.858052682876583
1282,15.992336750030518
1283,17.944543838500977
1284,12.929137945175173
1285,16.726220448811848
1286,16.341058757570053
1287,19.140237760543823
1288,13.13619464635849
1289,14.004083961248398
1290,20.655639171600345
1291,14.483387666590074
1292,13.836550019004129
1293,16.357455571492512
1294,16.926670719595517
1295,14.141934235890709
1296,15.053866846808072
1297,13.469295819600424
1298,16.89222889680129
1299,20.00477957725525
1300,18.22242845807757
1301,17.026439016515557
1302,19.492691553556003
1303,20.360338401794436
1304,19.567517280578613
1305,16.54664761679513
1306,15.07691751207624
1307,17.70854960169111
1308,16.68588336308797
1309,18.344629963239036
1310,19.31317820549011
1311,17.66010822568621
1312,16.193177447599524
1313,17.504636804262798
1314,14.12325382232666
1315,15.58233060836792
1316,18.24494753565107
1317,14.436361100938583
1318,17.78205051422119
1319,17.23428926013765
1320,20.877260795006386
1321,20.241400718688965
1322,19.06868336750911
1323,16.787249147892
1324,17.409451696607803
1325,19.840487241744995
1326,12.857619404792786
1327,24.68364262580872
1328,22.757189333438877
1329,19.8746075630188
1330,15.461252212524414
1331,17.545702192518448
1332,16.528013910566056
1333,14.85534210205078
1334,19.951871156692505
1335,19.72221088409424
1336,15.827999591827393
1337,13.5448956489563
1338,16.596868991851807
1339,14.086798667907717
1340,15.737312846713596
1341,15.689224084218344
1342,12.311415672302246
1343,13.492376327514648
1344,15.574026942253113
1345,18.49941226414272
1346,20.056165801154243
1347,19.48146677017212
1348,21.61443467573686
1349,19.462929844856266
1350,20.126942089625768
1351,16.391478334154403
1352,16.792356627328054
1353,13.631111979484558
1354,19.02352605547224
1355,15.546334223313766
1356,16.69952474321638
1357,18.85364879261364
1358,14.067192978329128
1359,16.094396454947336
1360,18.52254327138265
1361,21.36950073242188
1362,17.800007979075115
1363,19.318220376968384
1364,21.43111392429897
1365,22.028363347053528
1366,20.051000595092773
1367,16.190765380859375
1368,22.160831610361736
1369,19.380570275442945
1370,17.41574255625407
1371,20.07836103439331
1372,18.73326846531459
1373,19.508264183998108
1374,20.018838206926983
1375,16.292700856924057
1376,15.563605372111002
1377,14.05435246687669
1378,18.59267408197576
1379,13.749914646148682
1380,19.58282160758972
1381,14.895077191866362
1382,20.655447673797607
1383,13.957651094956832
1384,19.250247478485107
1385,16.963096618652344
1386,19.892615689171684
1387,23.128547736576625
1388,21.55047543843587
1389,16.979363012313843
1390,14.312221129735311
1391,15.486364523569742
1392,17.325736045837402
1393,15.11198091506958
1394,16.738764476776122
1395,16.219376972743444
1396,19.039294719696045
1397,20.269581079483032
1398,19.401799625820583
1399,13.454310019810997
1400,16.61720119823109
1401,18.40999672147963
1402,18.412969415838067
1403,17.698420333862305
1404,21.258083479745046
1405,11.521001040935516
1406,14.9296377658844
1407,19.61802806854248
1408,13.617009836084703
1409,21.228311606815883
1410,18.979362747885965
1411,20.241364869204435
1412,16.330611268679302
1413,14.0908511025565
1414,18.427355902535574
1415,24.386327075958253
1416,21.241509246826173
1417,20.326413761485707
1418,14.566296974817911
1419,14.400039809090751
1420,19.61315405368805
1421,19.51790548960368
1422,21.792613102839542
1423,19.3703180040632
1424,15.23686546087265
1425,19.03686752319336
1426,17.855345686276753
1427,17.314176029629177
1428,23.58585033416748
1429,17.447162298055794
1430,19.490729625408463
1431,16.090542467016924
1432,16.75300168991089
1433,23.940760215123493
1434,18.1125874886146
1435,15.191469771521431
1436,18.788821629115517
1437,16.763140869140624
1438,18.77193689346313
1439,25.645570158958435
1440,20.80041790008545
1441,19.122966448465984
1442,18.62530672550201
1443,13.941736486223007
1444,15.776742458343506
1445,13.50324422121048
1446,18.67913900102888
1447,23.08536124229431
1448,15.899113308299672
1449,18.489811718463898
1450,15.449104189872742
1451,16.776094645261765
1452,23.0000958442688
1453,20.0550776549748
1454,13.787894998277936
1455,19.991366505622864
1456,17.988395500183106
1457,19.59627573830741
1458,21.064793944358826
1459,14.048244423336453
1460,21.571002353321425
1461,18.44408226013184
1462,20.398047924041748
1463,19.19282097286648
1464,18.667621850967407
1465,16.254797875881195
1466,17.768546867370606
1467,21.969936688741047
1468,20.916535794734955
1469,17.87695176260812
1470,19.763087272644043
1471,19.96864096323649
1472,15.49424950281779
1473,21.971367200215656
1474,20.853096432156036
1475,20.753518921988352
1476,18.88990443093436
1477,19.199761684124287
1478,20.524692429436577
1479,22.10673987865448
1480,19.320763905843098
1481,17.52391990025838
1482,17.492800891399384
1483,16.546227276325226
1484,15.490211759294782
1485,22.27000958578927
1486,21.564825439453124
1487,19.68739318847656
1488,19.801705479621887
1489,15.90633687376976
1490,19.816857201712477
1491,22.489692846934
1492,19.141730168286493
1493,19.1679893221174
1494,17.421475648880005
1495,17.17808699607849
1496,13.22040557861328
1497,16.71818627251519
1498,17.85438414982387
1499,15.391751448313396
1500,16.051361560821533
1501,20.40855346407209
1502,17.711140394210815
1503,20.350709319114685
1504,24.52617120742798
1505,14.516768046787806
1506,16.437205505371093
1507,17.387232099260604
1508,16.434917449951172
1509,19.34009127183394
1510,20.6200133732387
1511,14.255184991019112
1512,19.93973023550851
1513,15.765739520390827
1514,17.46610028403146
1515,19.44371453453513
1516,17.34993278980255
1517,16.709727478027343
1518,21.46071929931641
1519,16.02650260925293
1520,15.616622924804688
1521,20.90201541355678
1522,16.3714953150068
1523,21.09895133972168
1524,19.46670627593994
1525,19.39528696877616
1526,21.52838945388794
1527,18.956531388419016
1528,16.41285228729248
1529,15.387237003871371
1530,21.231775045394897
1531,18.448146411350795
1532,22.031091281345912
1533,18.395184954007465
1534,20.7159210840861
1535,19.544540723164875
1536,17.514937957127888
1537,19.95636574427287
1538,23.17636473973592
1539,18.47438351313273
1540,27.00709867477417
1541,23.49947929382324
1542,19.38859915733337
1543,16.80893596013387
1544,12.095306793848671
1545,17.012805779774983
1546,15.491131782531738
1547,17.357782522837322
1548,22.74515008926392
1549,11.093302885691324
1550,18.45674498875936
1551,17.016877583095006
1552,13.770144283771517
1553,17.86049211025238
1554,17.766333897908527
1555,13.337868213653564
1556,25.81456120808919
1557,24.023418290274485
1558,20.9990747996739
1559,20.62705008188884
1560,18.32661247253418
1561,27.64820235116141
1562,22.884864943368093
1563,26.99940526485443
1564,19.01756556828817
1565,17.704741954803467
1566,11.98707628250122
1567,12.453431742531912
1568,23.78013817469279
1569,18.087786436080933
1570,17.613527456919353
1571,28.712571007864817
1572,19.08104070027669
1573,20.893376350402832
1574,21.337018966674805
1575,13.846880753835045
1576,22.25962766011556
1577,16.246650218963623
1578,18.419044077396396
1579,22.08008607228597
1580,23.81629721323649
1581,18.82633650302887
1582,17.29821273258754
1583,18.887178421020508
1584,20.826186895370483
1585,16.131390844072616
1586,20.4046483039856
1587,15.81004810333252
1588,20.81880299250285
1589,21.277005831400555
1590,12.97631255785624
1591,19.54449844360352
1592,17.374293486277264
1593,15.715387185414633
1594,20.75221456800188
1595,22.103247960408527
1596,21.996875762939453
1597,22.551961490086143
1598,22.323700768607004
1599,22.68693365369524
1600,16.72961441675822
1601,14.975100676218668
1602,23.286732128688268
1603,17.365686734517414
1604,24.733028411865234
1605,18.3498109181722
1606,18.134857575098675
1607,20.565102577209476
1608,17.481192111968994
1609,14.634791101728169
1610,17.20541136605399
1611,20.05096694401332
1612,19.34777886526925
1613,19.49816921779088
1614,21.374735287257604
1615,22.46162251063756
1616,18.4457852045695
1617,23.18573556627546
1618,16.78894410814558
1619,18.43182066508702
1620,21.29218554496765
1621,17.24372844696045
1622,17.418701308114187
1623,22.299220657348634
1624,18.277440011501312
1625,28.12212099347796
1626,19.93020248413086
1627,23.398905754089355
1628,24.789951006571453
1629,17.515209356943767
1630,22.27576787131173
1631,17.280641555786133
1632,24.8137731552124
1633,20.68397394816081
1634,18.289462169011436
1635,22.4071847597758
1636,17.22471261024475
1637,26.577652136484783
1638,17.630683081490652
1639,20.82832649775914
1640,16.7156982421875
1641,17.893959726606095
1642,23.55230345044817
1643,20.31632273537772
1644,23.50923252105713
1645,14.63744846979777
1646,15.93681518236796
1647,14.373780250549316
1648,23.37558714548747
1649,14.13134411403111
1650,24.615390096391952
1651,21.51203809465681
1652,23.10652950831822
1653,18.843449320111954
1654,17.439548075199127
1655,26.28408670425415
1656,17.368492126464844
1657,14.903518358866371
1658,17.442254066467285
1659,17.49258518218994
1660,13.44864204951695
1661,12.61687429745992
1662,17.613098621368408
1663,23.241706439426967
1664,17.0515349706014
1665,20.143440791538783
1666,22.366511344909668
1667,19.560202734810964
1668,14.937122662862144
1669,20.83887686048235
1670,22.112197739737372
1671,21.132206099373956
1672,21.565203394208638
1673,19.251298631940568
1674,15.341198240007673
1675,21.39955002920968
1676,17.489458629063197
1677,18.74224390302385
1678,16.298050308227538
1679,21.42602321079799
1680,16.15344783238002
1681,15.251299858093262
1682,19.53310317993164
1683,18.25682040623256
1684,19.55983775002616
1685,19.156399454389295
1686,20.214018046855927
1687,21.662139415740967
1688,17.27949545118544
1689,16.522931840684677
1690,19.501961946487427
1691,17.42413387298584
1692,16.687893231709797
1693,20.05478799343109
1694,20.109453473772323
1695,20.521222400665284
1696,17.426828384399414
1697,25.807696024576824
1698,21.08218288421631
1699,21.392687456948416
1700,24.92017141977946
1701,24.068488597869877
1702,22.28154638078477
1703,17.740265437534877
1704,18.78345942497253
1705,21.50821726662772
1706,18.28748099009196
1707,24.56024646759033
1708,25.655471960703533
1709,11.920223077138266
1710,22.555604934692383
1711,17.396052769252233
1712,14.938414709908622
1713,19.92976156870524
1714,17.507900510515487
1715,21.54800714765276
1716,20.989036440849304
1717,22.956897054399764
1718,28.203128496805828
1719,20.608303751264295
1720,25.631316502889
1721,19.32510389600481
1722,15.733524322509766
1723,14.77111325945173
1724,18.35278785228729
1725,18.324700151171005
1726,22.889409648047558
1727,24.59235164097377
1728,19.07360798971993
1729,23.387309551239014
1730,15.466269493103027
1731,21.15177059173584
1732,29.20879586537679
1733,22.277259009225027
1734,18.0579891204834
1735,26.26453463236491
1736,17.827119946479797
1737,29.88103008270264
1738,22.19064767020089
1739,14.14053453717913
1740,19.84572941916329
1741,24.252095818519592
1742,27.069774900163925
1743,24.64017963409424
1744,24.22642954190572
1745,16.816428343454998
1746,20.22738606589181
1747,25.661755243937176
1748,20.53885285059611
1749,19.30475250879924
1750,23.34875710805257
1751,17.09393874804179
1752,20.83381938934326
1753,18.41661739349365
1754,32.53424668312073
1755,22.81118329366048
1756,20.06409382820129
1757,15.87385622660319
1758,23.798407872517902
1759,19.056275208791096
1760,26.30244827270508
1761,21.51996143658956
1762,19.15882762273153
1763,25.64852984746297
1764,20.85532553990682
1765,16.019933128356932
1766,17.656003793080647
1767,22.643752098083496
1768,18.71734682718913
1769,17.33535846074422
1770,24.153514226277668
1771,19.932421843210857
1772,20.925913492838543
1773,20.20883623758952
1774,29.707656224568684
1775,19.990338961283367
1776,22.34125820795695
1777,23.00011920928955
1778,24.9654052734375
1779,24.29657204945882
1780,22.606125593185425
1781,18.4480899810791
1782,26.119504547119146
1783,24.583644294738768
1784,16.861388206481934
1785,17.322765350341797
1786,23.737886428833008
1787,27.36899299621582
1788,22.592644882202148
1789,24.729694747924803
1790,17.725851249694824
1791,14.502844333648682
1792,24.50087699890137
1793,31.21673011779785
1794,18.4988037109375
1795,22.76258335113525
1796,21.687731742858887
1797,23.547381019592287
1798,20.523027229309083
1799,21.2980375289917
1800,20.34457721710205
1801,15.508729696273804
1802,19.63368854522705
1803,22.627206230163573
1804,19.035625076293947
1805,19.414072227478027
1806,20.434204483032225
1807,22.291407585144043
1808,24.545225524902342
1809,22.23916873931885
1810,18.66168670654297
1811,25.990206718444824
1812,23.375169944763183
1813,16.30003967285156
1814,18.083684158325195
1815,16.253134346008302
1816,28.987624740600587
1817,12.666850185394289
1818,19.5961238861084
1819,24.7651260693868
1820,14.428029934565226
1821,16.99440352121989
1822,16.28256877263387
1823,26.63993151982625
1824,19.92610645294189
1825,14.472308158874512
1826,13.398788928985596
1827,26.71681769688924
1828,18.70691712697347
1829,22.063761393229168
1830,24.90948708852132
1831,20.836024284362797
1832,20.821709156036377
1833,22.78600827852885
1834,19.64987134933472
1835,22.14450041453044
1836,19.04554891586304
1837,15.932502508163452
1838,25.83602492014567
1839,14.100156943003336
1840,14.688826402028402
1841,17.028276602427166
1842,17.280569712320965
1843,15.98169453938802
1844,24.061857223510746
1845,22.9251659711202
1846,15.113961696624756
1847,15.123836517333984
1848,18.605554898579918
1849,25.742918491363525
1850,19.720022519429524
1851,14.121351639429728
1852,18.84626213709513
1853,20.080310980478924
1854,15.333840370178224
1855,28.250245412190758
1856,19.486091136932373
1857,23.36545435587565
1858,23.04815165201823
1859,14.651628176371256
1860,22.544162432352703
1861,21.0515718460083
1862,18.34169356028239
1863,20.83437506357829
1864,20.374870141347248
1865,26.928958257039387
1866,15.97927713394165
1867,19.24530029296875
1868,20.12425931294759
1869,20.48135916392009
1870,25.680007298787437
1871,20.997106234232582
1872,27.027160962422688
1873,13.693331718444824
1874,17.45388189951579
1875,19.71866226196289
1876,20.099504311879475
1877,23.24792416890462
1878,20.354767322540283
1879,23.58337132136027
1880,19.272183020909623
1881,26.22625494003296
1882,15.938619295756022
1883,17.48248348236084
1884,19.33233420054118
1885,22.09464232126872
1886,24.08903710047404
1887,20.473965803782143
1888,23.06124210357666
1889,20.683871587117512
1890,18.118060684204103
1891,20.20489330291748
1892,23.304561932881672
1893,19.0092887878418
1894,22.43385950724284
1895,25.31379572550456
1896,19.177765210469563
1897,15.37341578801473
1898,19.001888910929363
1899,23.16132068634033
1900,19.485683822631835
1901,29.750781631469728
1902,22.3295791943868
1903,23.65079402923584
1904,23.400118192036945
1905,19.01448933283488
1906,30.33072439829509
1907,29.23691240946452
1908,21.38678232828776
1909,21.883351802825928
1910,24.240361404418945
1911,23.703077697753905
1912,22.49022445678711
1913,30.16461887359619
1914,17.14186954498291
1915,17.018834495544432
1916,19.610567092895508
1917,21.880724334716795
1918,24.44806537628174
1919,17.92000732421875
1920,20.809732818603518
1921,19.952550411224365
1922,19.574977302551268
1923,24.65001090367635
1924,16.428571859995525
1925,22.21448389689128
1926,21.34052117665609
1927,21.52307383219401
1928,21.04239829381307
1929,20.15983804066976
1930,24.614915529886883
1931,20.78085422515869
1932,22.136005401611328
1933,29.097694555918377
1934,17.830344994862873
1935,23.093833287556965
1936,19.28463888168335
1937,23.28727102279663
1938,22.515275875727337
1939,20.271899541219074
1940,18.68474750518799
1941,24.20485639572144
1942,16.210643132527668
1943,16.180541038513184
1944,16.19037119547526
1945,23.035823980967205
1946,22.06993023554484
1947,20.002543767293293
1948,24.68956979115804
1949,19.96931139628093
1950,22.38948567708333
1951,19.30283323923747
1952,25.48109992345174
1953,18.532274564107254
1954,22.146586577097576
1955,25.88510545094808
1956,28.25260098775228
1957,21.36280918121338
1958,18.581882158915203
1959,16.500499089558918
1960,22.505188862482708
1961,27.123138745625813
1962,18.50423622131348
1963,17.749745845794678
1964,23.2473251024882
1965,22.76240126291911
1966,21.848360697428387
1967,17.925650278727215
1968,24.07796287536621
1969,16.88368288675944
1970,21.332087357838947
1971,22.252336502075195
1972,22.3615837097168
1973,20.813529809316
1974,23.8873389561971
1975,17.46567455927531
1976,24.25776720046997
1977,24.084928671518963
1978,18.624672651290894
1979,19.47133493423462
1980,18.379319826761883
1981,22.28542470932007
1982,22.792234261830647
1983,22.01832326253255
1984,25.475873947143555
1985,23.03971672058105
1986,27.07298628489177
1987,22.10718886057536
1988,21.27884817123413
1989,25.360501607259117
1990,25.46044985453288
1991,25.20294698079427
1992,18.53134314219157
1993,11.968093077341717
1994,14.992612520853678
1995,19.60844087600708
1996,18.97822666168213
1997,25.41844062805176
1998,14.725375334421791
1999,14.124157905578612
2000,17.727614482243855
2001,21.887726306915283
2002,22.91664924621582
2003,23.049404780069988
2004,29.07976182301839
2005,18.82336886723836
2006,20.36257521311442
2007,20.641594568888348
2008,12.109243392944336
2009,28.86676343282064
2010,18.389304637908936
2011,18.77935202916463
2012,18.17892360687256
2013,21.55158837636312
2014,26.072543303171795
2015,27.667826970418293
2016,18.54859752655029
2017,22.454822063446045
2018,37.85983975728353
2019,23.03161907196045
2020,16.154503504435223
2021,23.09447364807129
2022,24.903290112813316
2023,19.928513526916504
2024,22.544546127319336
2025,22.42089478174845
2026,23.6545782883962
2027,19.404326279958088
2028,18.90512212117513
2029,15.389667828877768
2030,29.183135414123534
2031,25.60301351547241
2032,31.88549868265788
2033,12.514274915059408
2034,26.93979485829671
2035,24.59686126708984
2036,21.388165314992268
2037,15.834284101213727
2038,24.7575200398763
2039,18.522919813791912
2040,21.431407519749232
2041,23.28624439239502
2042,30.406518173217773
2043,27.63725117274693
2044,20.615778923034668
2045,24.866780996322632
2046,25.342160797119146
2047,25.2618195215861
2048,23.624916621616908
2049,20.33934593200684
2050,16.501880009969074
2051,18.751965165138245
2052,27.34034881591797
2053,26.95806999206543
2054,21.18421192169189
2055,23.897634387016296
2056,27.260157108306885
2057,26.64893035888672
2058,25.94624628339495
2059,22.001015424728397
2060,19.648722457885743
2061,20.215913200378417
2062,23.12103614807129
2063,17.184743309020995
2064,23.403857111930847
2065,18.957597160339358
2066,20.497594833374023
2067,22.15336513519287
2068,24.90060977935791
2069,22.95477161407471
2070,19.866299629211422
2071,19.634318351745605
2072,16.470634269714356
2073,22.230612581426445
2074,23.366773796081542
2075,21.94924602508545
2076,21.895471572875977
2077,21.738550901412964
2078,24.95531453026665
2079,22.709238719940185
2080,18.254626955304825
2081,26.011340618133545
2082,23.170137023925783
2083,20.78253755569458
2084,21.3379243850708
2085,21.685519218444824
2086,21.55158339606391
2087,21.670392513275143
2088,21.484683770399823
2089,24.40760221481323
2090,23.798001982949
2091,25.580944061279297
2092,21.37511669505726
2093,17.555050713675364
2094,20.935529782221867
2095,20.864537358284
2096,21.27605379544772
2097,28.74919414520264
2098,27.31882257461548
2099,17.830021540323894
2100,21.526803236741287
2101,23.06263001759847
2102,19.30286931991577
2103,20.28829584121704
2104,25.005965777805876
2105,22.807442474365235
2106,20.49165863460965
2107,25.40730094909668
2108,28.85877096652985
2109,18.383098472248424
2110,21.10508198208279
2111,22.13214492797852
2112,22.617152452468872
2113,16.42391629219055
2114,19.13116734368461
2115,20.465097647446854
2116,22.81852600791237
2117,21.84964160919189
2118,20.00949724515279
2119,17.34598398208618
2120,25.66110062599182
2121,16.153177976608276
2122,23.0097205903795
2123,23.06915433066232
2124,23.99930222829183
2125,26.689858317375183
2126,22.50813388824463
2127,19.851235457829063
2128,16.44449962269176
2129,21.173200062343053
2130,15.652923107147217
2131,20.59995529868386
2132,23.077545642852783
2133,28.002681096394856
2134,25.387893295288087
2135,18.553240707942415
2136,22.86302890777588
2137,18.378308500562397
2138,17.170119921366375
2139,24.14976011382209
2140,23.037290811538696
2141,22.11869801415337
2142,22.85079779991737
2143,25.105541388193767
2144,25.722645326094195
2145,21.230566024780277
2146,20.088199788873847
2147,22.318822701772053
2148,17.2622239112854
2149,24.502115535736085
2150,25.07671594619751
2151,12.237700581550598
2152,16.090062936147053
2153,24.06039723482999
2154,19.820670041170988
2155,26.332109371821087
2156,20.869763476508005
2157,20.205836057662964
2158,24.61630596433367
2159,21.29845803124564
2160,19.377508912767684
2161,26.63041098912557
2162,28.818938936506
2163,21.517025266374866
2164,22.19020618711199
2165,20.891053744724815
2166,19.667839197012093
2167,21.33567864554269
2168,19.43858289718628
2169,22.965996106465656
2170,23.35043176015218
2171,22.99819666147232
2172,20.80018266042073
2173,22.24661413828532
2174,23.426973342895508
2175,21.294310092926025
2176,22.510910272598267
2177,23.70904643195016
2178,21.17371992631392
2179,22.416910258206453
2180,29.456372261047363
2181,21.85631018418532
2182,31.02374251683553
2183,20.61934900283813
2184,22.508777809143066
2185,18.29671796162923
2186,22.00357802708944
2187,25.12616395950317
2188,25.52528750896454
2189,22.09731216430664
2190,16.747196197509766
2191,22.84703813280378
2192,20.21284055709839
2193,16.935761179242814
2194,17.874207305908204
2195,17.67125960758754
2196,18.580820417404176
2197,23.33952102661133
2198,22.16659729297345
2199,21.80663388116019
2200,23.27509711338924
2201,20.76328182220459
2202,16.92997169494629
2203,16.797528743743896
2204,24.789421611362037
2205,19.485449130718525
2206,24.90128575838529
2207,16.010488510131836
2208,19.004213896664705
2209,21.864284833272297
2210,18.10593867301941
2211,20.395108904157365
2212,19.04237834612529
2213,26.488596309315074
2214,26.073564211527508
2215,22.595954931699318
2216,22.595693724496023
2217,24.129368237086705
2218,14.50128231048584
2219,21.60501459666661
2220,17.546923240025837
2221,23.527429984166076
2222,19.9322418485369
2223,14.834580230712891
2224,22.699944202716534
2225,25.212377627690632
2226,21.63798163487361
2227,23.44815554985633
2228,17.799627372196742
2229,18.745500700814382
2230,29.38603162765503
2231,26.49964787409856
2232,23.845968980055588
2233,17.125993537902833
2234,24.425642380347615
2235,23.2996800496028
2236,20.798596722739084
2237,18.55110733325665
2238,22.08356893979586
2239,18.287566979726154
2240,23.25987300872803
2241,21.7009024986854
2242,19.440204620361328
2243,29.66493225097656
2244,20.78541088104248
2245,25.836662769317627
2246,18.65408973693848
2247,22.080090522766117
2248,23.64090518951416
2249,16.561003303527833
2250,17.577945518493653
2251,22.713999557495118
2252,19.43944616317749
2253,21.60593204498291
2254,15.776365756988525
2255,23.49074077606201
2256,20.13840560913086
2257,18.894132057825725
2258,23.915437316894533
2259,24.849856694539387
2260,20.89313205083211
2261,19.579829025268555
2262,18.406206948416575
2263,17.672717730204266
2264,23.330487060546876
2265,25.327702713012695
2266,22.216657638549805
2267,24.96665229797363
2268,23.330863189697265
2269,20.09052801132202
2270,24.991034189860027
2271,20.492921829223633
2272,19.8764910697937
2273,18.673916975657146
2274,23.339737256368
2275,17.37512715657552
2276,21.124268293380737
2277,25.940143585205078
2278,22.713509941101073
2279,22.311866896493093
2280,16.744516531626385
2281,27.324347223554337
2282,18.066937843958538
2283,18.22605276107788
2284,25.677236715952557
2285,25.156451157161168
2286,19.96678288777669
2287,24.00253255026681
2288,22.171420165470668
2289,15.960843245188395
2290,22.347891426086427
2291,18.025003910064697
2292,21.17678756713867
2293,30.03776518503825
2294,25.82776298522949
2295,14.391277551651001
2296,34.750030517578125
2297,21.083131790161133
2298,18.602548440297443
2299,20.70694637298584
2300,23.266743024190266
2301,21.8539883295695
2302,18.436402956644695
2303,22.24675726890564
2304,16.493135070800783
2305,24.514848232269287
2306,18.789000511169434
2307,29.760199683053152
2308,22.91940704981486
2309,26.729978561401367
2310,19.74644072850545
2311,22.612981859842936
2312,23.585560480753582
2313,19.2141330242157
2314,22.949414339932527
2315,28.352855046590168
2316,21.97200080326625
2317,23.730923652648926
2318,20.154118061065674
2319,24.160759766896565
2320,26.464490572611492
2321,23.190119334629603
2322,21.331201825823104
2323,24.34277057647705
2324,20.187555381229945
2325,22.623252255576
2326,26.347649415334065
2327,21.59466757093157
2328,27.393633524576824
2329,21.150220553080242
2330,19.466559092203777
2331,27.58497848510742
2332,19.37754644666399
2333,23.33268540246146
2334,20.210232098897297
2335,18.737529754638672
2336,18.325926144917805
2337,24.09644428888957
2338,23.408166249593098
2339,23.28811502456665
2340,22.859076690673827
2341,25.63609743118286
2342,21.62624522617885
2343,28.716962655385334
2344,25.74795491354806
2345,23.09893814722697
2346,21.44141658147176
2347,25.45537805557251
2348,24.310455958048504
2349,26.811946868896484
2350,20.494830226898195
2351,26.733864188194275
2352,26.166664759318035
2353,18.575664043426514
2354,23.253690401713055
2355,17.756725470225017
2356,22.834245363871258
2357,24.172004222869873
2358,18.9796293258667
2359,22.87969711848668
2360,24.41830975668771
2361,23.513540744781494
2362,22.58216748918806
2363,19.686424096425373
2364,20.118062655131023
2365,21.65689516067505
2366,29.207808017730713
2367,27.364181836446125
2368,26.112784590039933
2369,19.9987062726702
2370,24.05443509419759
2371,23.071977955954416
2372,18.49336115519206
2373,16.98863124847412
2374,19.332081476847332
2375,14.851009559631347
2376,23.69312874476115
2377,27.955727577209473
2378,25.31688117980957
2379,25.436463165283204
2380,29.75802080971854
2381,24.745729287465412
2382,20.063487370808918
2383,22.91302792231242
2384,26.27978229522705
2385,22.873640775680542
2386,16.629613717397053
2387,22.433594544728596
2388,22.275704383850098
2389,22.73781744639079
2390,30.102392832438152
2391,23.317798137664795
2392,28.48784637451172
2393,25.168942832946776
2394,24.287068525950115
2395,21.800933996836346
2396,25.85648536682129
2397,25.407257080078125
2398,18.76048930486043
2399,16.444248994191486
2400,27.101944096883138
2401,21.371762847900392
2402,16.810829162597656
2403,23.085100332895916
2404,21.473866144816082
2405,21.32257541020711
2406,26.494658265795028
2407,20.845630407333374
2408,22.49492950439453
2409,20.203938961029053
2410,24.136224110921223
2411,17.44580904642741
2412,32.33605559666952
2413,19.68436320622762
2414,24.074443101882935
2415,21.996637026468914
2416,22.375200589497883
2417,18.08228365580241
2418,23.83063316345215
2419,23.982736110687256
2420,20.77661418914795
2421,21.171837670462473
2422,18.17360210418701
2423,20.918070602416993
2424,21.49972327550252
2425,20.42319134303502
2426,26.466317017873127
2427,31.222086906433105
2428,21.772270838419598
2429,21.204928738730295
2430,21.80845069885254
2431,23.449374675750732
2432,24.141724904378254
2433,25.90079466501872
2434,19.484095096588135
2435,24.360872268676758
2436,23.179196739196776
2437,25.720941066741943
2438,27.558205604553223
2439,24.514942010243733
2440,21.524222135543823
2441,20.058784643809002
2442,28.633203506469727
2443,24.615607102711994
2444,23.67557938893636
2445,27.32445462544759
2446,26.823047002156574
2447,27.873204867045086
2448,30.672543207804363
2449,24.342384656270344
2450,17.525822798411053
2451,18.975037097930908
2452,32.88288275400797
2453,27.975701014200848
2454,24.865015506744385
2455,23.765114784240723
2456,22.225709597269695
2457,19.26644992828369
2458,28.53793430328369
2459,22.50079568227132
2460,22.3383526802063
2461,17.657747268676758
2462,22.734248797098797
2463,17.89987277984619
2464,28.656606833140057
2465,27.717065811157227
2466,19.059755484263103
2467,30.65064748128255
2468,22.988436698913574
2469,24.183117071787517
2470,19.47713565826416
2471,23.575156847635906
2472,24.529494762420654
2473,17.073806762695312
2474,25.342852183750697
2475,28.98364766438802
2476,25.513638496398926
2477,23.156246026357014
2478,25.395147959391277
2479,22.643877387046814
2480,24.743396520614624
2481,25.772230943044026
2482,22.519092082977295
2483,30.98401705423991
2484,20.927406946818035
2485,20.268147786458332
2486,23.212547302246094
2487,18.01443099975586
2488,21.510678863525392
2489,21.515177090962727
2490,25.319188117980957
2491,22.16414566040039
2492,27.335727310180665
2493,22.985456466674805
2494,27.691671795315212
2495,26.684436798095703
2496,20.742539978027345
2497,23.191101837158204
2498,26.454736518859864
2499,13.348266124725342
2500,29.92130889892578
2501,20.994401613871258
2502,21.18307285308838
2503,18.63067368098668
2504,22.67730167933873
2505,19.760057830810545
2506,21.989304542541504
2507,34.36900107065836
2508,24.85182476043701
2509,25.03339301215278
2510,22.805136521657307
2511,18.193241596221924
2512,19.180304050445557
2513,15.834758949279784
2514,21.96708043416341
2515,21.22765858968099
2516,20.157205963134764
2517,24.894277572631836
2518,26.61240749359131
2519,25.135720443725585
2520,22.676036643981934
2521,30.840002822875977
2522,26.23659477233887
2523,31.654299926757812
2524,32.26401348114014
2525,21.713402557373048
2526,27.031237920125324
2527,24.05168809890747
2528,21.865660095214842
2529,19.14436610539754
2530,28.380098183949787
2531,29.50948683420817
2532,22.785808245340984
2533,23.318003972371418
2534,23.70127353668213
2535,21.534680366516113
2536,20.316322326660156
2537,13.356889343261718
2538,18.968120574951172
2539,27.46115608215332
2540,24.034136295318604
2541,26.68679885864258
2542,24.358564567565917
2543,28.752896785736084
2544,29.357738812764484
2545,15.950661818186441
2546,29.37548408508301
2547,26.97414836883545
2548,18.424124717712402
2549,22.814906883239747
2550,25.486531893412273
2551,30.353897412618
2552,23.56298828125
2553,23.273632049560547
2554,23.94395176569621
2555,29.136500358581543
2556,26.58353106180827
2557,23.62244701385498
2558,19.639238039652508
2559,29.410621643066406
2560,21.839942359924315
2561,24.57637138366699
2562,27.136287212371826
2563,24.044394810994465
2564,25.084956010182697
2565,18.87548319498698
2566,19.633607482910158
2567,26.336973190307617
2568,35.888160705566406
2569,20.99718968073527
2570,23.182945442199706
2571,23.448290824890137
2572,17.459216435750324
2573,30.75344467163086
2574,26.23705062866211
2575,28.820890045166017
2576,18.742133617401123
2577,25.64420000712077
2578,25.13373390833537
2579,21.378843148549397
2580,25.834181944529217
2581,23.319345951080322
2582,25.465746243794758
2583,24.145229530334472
2584,21.43785826365153
2585,31.56111431121826
2586,18.3038231531779
2587,29.864105383555096
2588,31.00717560450236
2589,27.689765453338623
2590,28.25789499282837
2591,19.054048919677733
2592,30.035314559936523
2593,25.851875464121502
2594,25.093800226847332
2595,31.74892298380534
2596,22.225810408592224
2597,25.063350836435955
2598,28.510012944539387
2599,32.223667780558266
2600,19.86286869049072
2601,20.230388641357422
2602,21.604862372080486
2603,24.927253882090252
2604,22.003923606872558
2605,29.662996292114258
2606,24.188907941182453
2607,25.15603764851888
2608,20.11850357055664
2609,31.49547424316406
2610,17.22486623128255
2611,30.076313018798828
2612,22.89774227142334
2613,24.63329620361328
2614,23.090046882629395
2615,26.665577570597332
2616,23.10076332092285
2617,32.139164733886716
2618,19.25920836130778
2619,21.86604118347168
2620,29.539267857869465
2621,18.863531430562336
2622,23.801073837280274
2623,33.99458932876587
2624,21.35341873168945
2625,25.0096794128418
2626,32.02966651916504
2627,27.112473011016846
2628,24.587435404459637
2629,27.781378173828124
2630,26.868319193522137
2631,31.167753219604492
2632,30.53383954366048
2633,22.658558464050294
2634,25.190360069274902
2635,28.73902702331543
2636,29.027448654174805
2637,23.530832862854005
2638,22.273090744018553
2639,30.536750030517577
2640,17.627528190612793
2641,32.40110282897949
2642,32.804751586914065
2643,16.846777153015136
2644,23.243685245513916
2645,24.799835205078125
2646,26.858446502685545
2647,23.29936866760254
2648,23.527209122975666
2649,21.53067855834961
2650,30.30621452331543
2651,27.658222516377766
2652,31.255632400512695
2653,24.44874267578125
2654,24.071600914001465
2655,21.659661865234376
2656,25.237060228983562
2657,21.08776092529297
2658,23.459956550598143
2659,22.561555862426758
2660,26.11397018432617
2661,23.777690092722576
2662,23.313793182373047
2663,24.128657658894856
2664,27.246234893798828
2665,28.032948303222657
2666,29.22493839263916
2667,25.666075388590496
2668,19.65561647415161
2669,26.651906967163086
2670,32.12874870300293
2671,24.210959243774415
2672,24.87839584350586
2673,22.453453063964844
2674,24.425129731496174
2675,21.777908325195312
2676,14.898925304412842
2677,17.51300319035848
2678,26.911766688028973
2679,26.11350456873576
2680,22.964678923288982
2681,27.204989433288574
2682,28.645269711812336
2683,21.208871269226073
2684,27.491358915964764
2685,27.92858123779297
2686,22.83939208984375
2687,28.101603825887043
2688,24.93184534708659
2689,26.150848388671875
2690,24.448135693868
2691,23.749558289845783
2692,22.60415283838908
2693,36.367198626200356
2694,23.230692227681477
2695,22.568706130981447
2696,26.439051469167072
2697,29.318291505177815
2698,23.246780776977538
2699,24.364786465962727
2700,28.47609567642212
2701,33.173299153645836
2702,28.460523986816405
2703,24.56434965133667
2704,27.073153813680012
2705,19.91563582420349
2706,34.5696662902832
2707,22.48772735595703
2708,30.40261459350586
2709,24.13258186976115
2710,25.167511304219563
2711,24.774868428707123
2712,20.35877823829651
2713,23.885039647420246
2714,27.390722910563152
2715,21.30299472808838
2716,28.36541970570882
2717,33.11517206827799
2718,17.973921394348146
2719,23.15191133817037
2720,21.013288688659667
2721,22.400914827982586
2722,21.633414427439373
2723,25.327775239944458
2724,18.614670912424724
2725,21.20089817047119
2726,22.49903217951457
2727,27.503588676452637
2728,25.809208658006455
2729,26.729342714945474
2730,26.343513131141663
2731,34.002276261647545
2732,24.402667118952824
2733,26.16065549850464
2734,30.129141489664715
2735,22.7937894821167
2736,28.979629516601562
2737,26.55244557062785
2738,24.94660186767578
2739,25.726422786712646
2740,27.99872652689616
2741,31.710538864135742
2742,22.351159413655598
2743,28.209471095692027
2744,26.614073753356934
2745,29.65175132751465
2746,23.63630135854085
2747,26.079783630371093
2748,26.45670100775632
2749,16.306662797927856
2750,25.48392454783122
2751,22.996239471435548
2752,29.519779205322266
2753,30.429056485493977
2754,24.522607644399006
2755,25.487319310506184
2756,31.880493481953938
2757,24.554054260253906
2758,36.56312255859375
2759,23.558178504308064
2760,23.880391438802082
2761,22.00343837738037
2762,24.676768620808918
2763,32.84586944580078
2764,29.779809188842773
2765,20.845671494801838
2766,31.075460815429686
2767,24.70262908935547
2768,20.38858715693156
2769,18.005123297373455
2770,30.703215916951496
2771,19.192153930664062
2772,22.890806579589842
2773,27.02299270629883
2774,23.668432235717773
2775,23.112056016921997
2776,32.18655300140381
2777,28.44627571105957
2778,31.247241401672362
2779,29.280963897705078
2780,22.71327152252197
2781,18.997281646728517
2782,29.991971969604492
2783,23.98628101348877
2784,26.972962379455566
2785,21.483533143997192
2786,22.03110122680664
2787,28.66535530090332
2788,27.81517562866211
2789,24.076070149739582
2790,24.716964880625408
2791,25.10455862681071
2792,23.013947677612304
2793,25.910971641540527
2794,22.82899236679077
2795,24.30295333862305
2796,24.744618225097657
2797,20.21996307373047
2798,33.92699775695801
2799,22.47210134778704
2800,25.48982302347819
2801,23.16771240234375
2802,23.86275800069173
2803,33.50454330444336
2804,25.35850715637207
2805,19.977140426635742
2806,31.323859214782715
2807,23.627250289916994
2808,28.57729606628418
2809,23.285256544748943
2810,27.714809799194335
2811,23.351155853271486
2812,20.289787610371906
2813,27.14285898208618
2814,22.03540382385254
2815,22.88379077911377
2816,29.78772087097168
2817,23.72816734313965
2818,16.95036745071411
2819,32.512843704223634
2820,26.34575843811035
2821,24.918455123901367
2822,18.05877819061279
2823,27.621226692199706
2824,24.95424207051595
2825,24.013772169748943
2826,19.69481547673543
2827,27.54773540496826
2828,24.033970642089844
2829,29.11450614929199
2830,36.047996838887535
2831,31.990312894185383
2832,31.74757652282715
2833,31.389129002888996
2834,23.099141438802082
2835,26.3918907377455
2836,25.92855389912923
2837,22.457608222961426
2838,26.45715856552124
2839,30.074825127919514
2840,25.838786315917968
2841,27.54251988728841
2842,27.02731683897594
2843,31.042892297108967
2844,27.3072790145874
2845,28.079604387283325
2846,22.658280849456787
2847,29.32007662455241
2848,25.75914430618286
2849,32.19104652404785
2850,24.482489776611327
2851,24.912905883789062
2852,25.333881759643553
2853,32.4980110168457
2854,25.4178825378418
2855,30.78239409128825
2856,28.905313301086426
2857,24.43515221277873
2858,24.918708324432373
2859,26.982488250732423
2860,32.18345928192139
2861,24.15207236153739
2862,28.783250617980958
2863,25.129855728149415
2864,23.206425666809082
2865,27.2040771484375
2866,28.453047492287375
2867,25.73602819442749
2868,22.036126136779785
2869,19.32806619008382
2870,27.86622142791748
2871,27.38099988301595
2872,18.54111957550049
2873,29.036101722717284
2874,28.63132553100586
2875,27.503411865234376
2876,27.24119488398234
2877,22.649916648864746
2878,26.211928367614746
2879,29.46437907218933
2880,23.80747699737549
2881,25.402712631225587
2882,29.323967361450194
2883,21.130329895019532
2884,21.23728504180908
2885,23.9941250483195
2886,22.65898259480794
2887,30.400703048706056
2888,23.49675579071045
2889,23.381489912668865
2890,22.73037338256836
2891,24.931354522705078
2892,25.701049041748046
2893,31.09260145823161
2894,26.950707244873048
2895,26.19600028991699
2896,27.211149374643963
2897,27.187437693277996
2898,25.76793972651164
2899,32.606686210632326
2900,25.003595733642577
2901,28.405073324839275
2902,26.838243802388508
2903,30.73334534962972
2904,20.690106201171876
2905,27.200673460960388
2906,27.07566960652669
2907,25.535561442375183
2908,22.199700355529785
2909,22.670130570729572
2910,27.853890419006348
2911,36.43263664245605
2912,22.99568474292755
2913,26.522748311360676
2914,26.070768038431805
2915,30.124549388885498
2916,26.42620289325714
2917,29.660572687784832
2918,18.01539961496989
2919,34.77362594604492
2920,27.04861855506897
2921,28.535634231567382
2922,28.12087567647298
2923,24.043059984842937
2924,30.66978057225545
2925,30.584339777628582
2926,25.937198638916016
2927,20.71756867000035
2928,23.748463494437082
2929,26.658684730529785
2930,28.964635848999023
2931,33.0070298910141
2932,21.30205996831258
2933,26.11032470067342
2934,24.859939098358154
2935,27.10753361384074
2936,22.563185214996338
2937,28.76002581914266
2938,27.77922598520915
2939,27.2443904876709
2940,21.236589431762695
2941,22.44832452138265
2942,24.350429852803547
2943,26.698882579803467
2944,21.199480215708416
2945,30.02669186062283
2946,23.57079734802246
2947,32.63132095336914
2948,38.94114685058594
2949,29.916131019592285
2950,26.095364729563396
2951,27.236943244934082
2952,28.53757127126058
2953,28.436600821358816
2954,23.40098826090495
2955,24.943375968933104
2956,27.66753169468471
2957,30.893711853027344
2958,28.69333839416504
2959,25.78219437599182
2960,28.819398562113445
2961,21.6400447845459
2962,18.015091323852538
2963,25.045589447021484
2964,28.536286036173504
2965,21.920137677873885
2966,30.457935969034832
2967,33.251734256744385
2968,30.422501972743444
2969,29.290894428888958
2970,18.497608343760174
2971,15.114638328552246
2972,25.422664165496826
2973,20.344030062357586
2974,20.12640619277954
2975,35.75253524780273
2976,24.782765007019044
2977,30.512509155273438
2978,27.973235402788436
2979,26.490569877624512
2980,25.852328777313232
2981,15.866554419199625
2982,22.288853963216145
2983,28.238466644287108
2984,22.530940055847168
2985,35.763861656188965
2986,26.175073782602947
2987,26.996021032333374
2988,26.81338342030843
2989,24.00234603881836
2990,26.064774990081787
2991,29.679752031962078
2992,20.84603214263916
2993,31.074562311172485
2994,32.144718170166016
2995,22.459352731704712
2996,28.751386642456055
2997,22.465062936147053
2998,28.965885798136394
2999,29.614108085632324
3000,22.9273738861084
3001,23.950758934020996
3002,20.665457089742024
3003,24.723330974578857
3004,24.78438440958659
3005,20.71681086222331
3006,28.49273705482483
3007,30.185362656911213
3008,24.2526250566755
3009,29.506332715352375
3010,28.17094394138881
3011,22.729206085205078
3012,23.39666287104289
3013,26.560496012369793
3014,32.31754112243652
3015,27.87685267130534
3016,26.222137769063313
3017,32.36268059412638
3018,32.35318088531494
3019,29.722973346710205
3020,24.36602191925049
3021,29.718238830566406
3022,29.7280756632487
3023,31.39367453257243
3024,30.153887340000697
3025,23.949329376220703
3026,27.371235847473145
3027,23.61799430847168
3028,25.011704104287283
3029,26.01162624359131
3030,29.081124623616535
3031,33.01950454711914
3032,27.0044584274292
3033,25.654320907592773
3034,24.857611519949778
3035,25.188246091206867
3036,31.226116180419922
3037,19.733285546302795
3038,24.657120295933314
3039,30.19007174173991
3040,26.350496292114258
3041,27.159074068069458
3042,19.550217866897583
3043,27.31056086222331
3044,30.61725886662801
3045,21.93692429860433
3046,26.670486858912877
3047,24.350927988688152
3048,25.270316696166994
3049,26.89502716064453
3050,23.340192159016926
3051,28.013540077209473
3052,23.334176301956177
3053,23.021643447875977
3054,30.56021197636922
3055,38.135223388671875
3056,26.095175743103027
3057,23.651057243347168
3058,30.380342483520508
3059,27.68963165283203
3060,24.81600284576416
3061,34.45445887247721
3062,28.602211952209473
3063,17.97432804107666
3064,26.995431264241535
3065,35.356383641560875
3066,29.133597373962402
3067,30.766793568929035
3068,22.15690517425537
3069,23.32351779937744
3070,29.007644335428875
3071,31.953332901000977
3072,23.677346992492676
3073,26.42295249303182
3074,24.07289997736613
3075,23.335152943929035
3076,23.462222576141357
3077,22.409993489583332
3078,22.394906044006348
3079,26.82453489303589
3080,22.731094519297283
3081,20.58604685465495
3082,28.822569529215496
3083,29.55448055267334
3084,33.73899947272407
3085,28.966354751586913
3086,22.812819004058838
3087,27.393873977661134
3088,27.317618052164715
3089,26.02466042836507
3090,27.041536649068195
3091,24.080268383026123
3092,27.38255844116211
3093,28.607229550679524
3094,24.325018246968586
3095,30.897981643676758
3096,27.23126284281413
3097,34.19011116027832
3098,28.816566467285156
3099,18.80168279012044
3100,35.80449930826823
3101,28.63065465291341
3102,25.612534523010254
3103,31.73492956161499
3104,23.936394532521565
3105,28.999849319458008
3106,26.041529337565105
3107,30.842577298482258
3108,24.92175006866455
3109,35.822993755340576
3110,25.139830271402996
3111,27.051177297319686
3112,32.15075969696045
3113,29.32011389732361
3114,29.59900188446045
3115,27.20962937672933
3116,25.569308280944824
3117,28.069844722747803
3118,34.831034342447914
3119,23.730344772338867
3120,29.629700819651287
3121,37.19282182057699
3122,23.87906328837077
3123,29.95841884613037
3124,31.0618797938029
3125,18.718054453531902
3126,27.029141108194988
3127,15.340972264607748
3128,22.816725730895996
3129,19.599163055419922
3130,29.5418758392334
3131,31.384552001953125
3132,27.332401275634766
3133,23.969427585601807
3134,32.67675256729126
3135,31.19791316986084
3136,18.08116404215495
3137,23.882538318634033
3138,31.042086442311604
3139,34.98945426940918
3140,22.029685974121094
3141,29.964389006296795
3142,20.99586296081543
3143,26.250840663909912
3144,30.070623016357423
3145,24.01518726348877
3146,22.53676637013753
3147,27.186360994974773
3148,24.59572763442993
3149,30.224088191986084
3150,24.46105194091797
3151,25.12373924255371
3152,34.09173170725504
3153,26.102007389068604
3154,33.947685877482094
3155,31.086883227030437
3156,31.161400032043456
3157,37.259362411499026
3158,28.009568405151366
3159,28.58467216491699
3160,29.19436486562093
3161,30.120173772176106
3162,26.52611271540324
3163,29.636374791463215
3164,21.16498374938965
3165,39.0032958984375
3166,27.701661745707195
3167,28.585965474446613
3168,26.06898562113444
3169,25.533204714457195
3170,21.375065167744953
3171,28.186607881025836
3172,30.006768226623535
3173,29.98104305267334
3174,22.206881205240887
3175,30.695440610249836
3176,21.25680422782898
3177,22.54424705505371
3178,25.7408709526062
3179,23.90629482269287
3180,25.49400536219279
3181,24.98958549499512
3182,34.62436389923096
3183,25.50107650756836
3184,30.939537048339844
3185,29.47586784362793
3186,29.40505091349284
3187,30.250622908274334
3188,26.978481674194335
3189,24.90378475189209
3190,20.372795486450194
3191,30.703574816385906
3192,26.7907559076945
3193,23.539929072062176
3194,23.456812222798664
3195,15.60506820678711
3196,24.162779172261555
3197,24.05091631412506
3198,26.86886962254842
3199,23.39016764504569
3200,23.63209406534831
3201,30.07992394765218
3202,29.876131534576416
3203,29.205098152160645
3204,29.216512044270832
3205,19.573303540547688
3206,23.524698893229168
3207,25.809799551963806
3208,30.874952793121338
3209,22.893746693929035
3210,14.952025890350342
3211,30.91299867630005
3212,25.852173964182537
3213,29.597300847371418
3214,25.888765970865887
3215,26.34066899617513
3216,23.28972816467285
3217,30.97201326915196
3218,27.130815188090008
3219,27.770766258239746
3220,26.34625502995082
3221,22.825656509399415
3222,26.265047788619995
3223,26.890226364135742
3224,27.968262831370037
3225,25.69311745961507
3226,27.392022609710693
3227,26.715158700942993
3228,24.21304416656494
3229,28.491417407989502
3230,37.03254985809326
3231,26.03425086628307
3232,31.451857089996338
3233,23.871812714470757
3234,20.10908571879069
3235,31.414787610371906
3236,28.033787863595144
3237,29.107291221618652
3238,29.42376772562663
3239,24.132032803126744
3240,26.99108382633754
3241,35.40878677368164
3242,39.39752165476481
3243,26.584442615509033
3244,22.113619168599445
3245,35.792548179626465
3246,29.22304121653239
3247,24.95135434468587
3248,22.10928217569987
3249,26.244366963704426
3250,23.756481488545734
3251,30.781466484069824
3252,24.27310848236084
3253,28.882767995198567
3254,27.112846279144286
3255,23.422897497812908
3256,25.00350856781006
3257,24.6354022026062
3258,23.896584510803223
3259,22.37422752380371
3260,26.991894721984863
3261,25.971495628356934
3262,29.574256261189777
3263,24.569809913635254
3264,32.25751463572184
3265,29.77822494506836
3266,21.50526373726981
3267,31.500312169392902
3268,24.6761573155721
3269,26.39317512512207
3270,32.29435189565023
3271,24.990196069081623
3272,34.30867703755697
3273,25.447643280029297
3274,28.275271892547607
3275,29.647620609828405
3276,30.62814998626709
3277,29.786056518554688
3278,31.187078793843586
3279,22.06220293045044
3280,19.97574281692505
3281,27.364373524983723
3282,27.758726199467976
3283,30.308088938395183
3284,23.894429047902424
3285,28.069831212361652
3286,28.367613445628773
3287,31.608966827392578
3288,27.572913487752277
3289,33.11635557810465
3290,24.511820475260418
3291,20.894085725148518
3292,31.546847025553387
3293,29.97360610961914
3294,13.852378209431967
3295,25.773383458455402
3296,35.12185509999593
3297,37.08904342651367
3298,30.744565530256793
3299,20.72783136367798
3300,27.00883331298828
3301,36.61749776204427
3302,29.214321772257488
3303,23.934055010477703
3304,31.233488082885742
3305,23.553159832954407
3306,23.331809043884277
3307,28.29814084370931
3308,22.830998579661053
3309,35.89284133911133
3310,34.921255111694336
3311,34.58884525299072
3312,33.88969503130232
3313,30.284518105643137
3314,26.643427054087322
3315,21.772054195404053
3316,25.235877513885498
3317,24.650931358337402
3318,30.4054499539462
3319,29.461254755655926
3320,26.31438414255778
3321,26.480632305145264
3322,25.27429702758789
3323,32.92560132344564
3324,26.38757864634196
3325,27.58613353305393
3326,30.26096134185791
3327,27.156543413798016
3328,26.057735125223797
3329,27.3954652150472
3330,31.584577136569553
3331,26.82170833240856
3332,19.97287368774414
3333,31.52413495381673
3334,29.847927680382362
3335,27.76377592086792
3336,26.75780963897705
3337,29.49170913696289
3338,24.64557991027832
3339,28.050034681955974
3340,28.18102768489293
3341,27.172730922698975
3342,30.17489242553711
3343,27.362478653589886
3344,27.511103543368254
3345,29.76108322143555
3346,23.005289634068806
3347,28.796878814697266
3348,21.207043170928955
3349,28.17545175552368
3350,28.594747690054085
3351,22.883319695790608
3352,25.617733001708984
3353,28.68437671661377
3354,25.36405504666842
3355,25.929884815216063
3356,28.75010363260905
3357,24.895678877830505
3358,25.492270310719807
3359,28.807894865671795
3360,20.42575330734253
3361,27.607015132904053
3362,29.429444573142312
3363,28.808248373178337
3364,29.665943336486816
3365,28.043753306070965
3366,27.560946637933906
3367,29.012855443087492
3368,25.978936195373535
3369,28.262141346931458
3370,36.479644775390625
3371,28.670686960220337
3372,27.150238110468937
3373,27.846240202585857
3374,23.94204978942871
3375,27.541592915852863
3376,26.21784123507413
3377,24.130762767791747
3378,25.259774923324585
3379,22.519446055094402
3380,27.096678733825684
3381,22.716556866963703
3382,23.833325028419495
3383,27.203346093495686
3384,27.821817207336426
3385,24.864826583862303
3386,20.34529047012329
3387,29.37665014266968
3388,32.499312019348146
3389,28.303231048583985
3390,26.027875185012817
3391,27.449515056610107
3392,30.272380590438843
3393,23.05519046783447
3394,37.49645762973361
3395,25.861918237474228
3396,28.201076062520347
3397,23.348730278015136
3398,33.60959122397683
3399,27.75283546447754
3400,20.53118356068929
3401,23.973181830512154
3402,31.96731071472168
3403,33.22521996498108
3404,24.24272500551664
3405,25.458633041381837
3406,30.408946990966797
3407,29.04791224002838
3408,30.31458126414906
3409,28.884181022644043
3410,28.562343230614296
3411,36.27865759531657
3412,28.355574289957683
3413,27.75881862640381
3414,24.711671829223633
3415,23.587068557739258
3416,26.58820374806722
3417,30.011668523152668
3418,27.31246534983317
3419,31.814570744832356
3420,24.496195602416993
3421,27.247257232666016
3422,25.93904447555542
3423,27.299338340759277
3424,30.91104643685477
3425,21.407828489939373
3426,25.247886657714844
3427,24.15938178698222
3428,29.947664260864258
3429,25.863611857096355
3430,30.036436080932617
3431,32.98287844657898
3432,23.50912841161092
3433,26.4973783493042
3434,33.03023610796247
3435,29.481797695159912
3436,34.276472091674805
3437,23.73142719268799
3438,30.168349424997967
3439,29.270411218915665
3440,29.619657278060913
3441,34.38822937011719
3442,32.6866888999939
3443,35.76440906524658
3444,34.29827721913656
3445,34.564090410868324
3446,33.7273804800851
3447,25.163349946339924
3448,32.16564623514811
3449,30.124348322550457
3450,26.93121846516927
3451,34.04491653442383
3452,21.61513026555379
3453,24.49336051940918
3454,27.867775122324627
3455,26.994744618733723
3456,21.89387861887614
3457,30.394017855326336
3458,27.98343054453532
3459,34.6087752978007
3460,26.892393112182617
3461,29.73430363337199
3462,19.466824213663738
3463,38.58192253112793
3464,37.179595184326175
3465,30.115893522898357
3466,23.95469175066267
3467,23.598910331726074
3468,24.931062698364258
3469,26.816083749135334
3470,33.55083751678467
3471,20.70904483795166
3472,23.318247079849243
3473,30.205037275950115
3474,26.27884117762248
3475,28.337345600128174
3476,28.198257446289062
3477,31.96023178100586
3478,23.29718132019043
3479,30.393102010091145
3480,24.312854131062824
3481,21.797508716583252
3482,25.828630638122558
3483,35.86674276987711
3484,34.19998741149902
3485,31.35519790649414
3486,34.621928215026855
3487,23.50699281692505
3488,28.50894033908844
3489,29.507521390914917
3490,26.654267501831054
3491,29.47295157114665
3492,32.797691822052
3493,33.90728569030762
3494,30.962390422821045
3495,28.47252655029297
3496,31.23440020424979
3497,30.000322500864666
3498,30.0381352351262
3499,21.119828859965008
3500,26.1164998004311
3501,28.19921568461827
3502,26.392517884572346
3503,24.18482608795166
3504,27.83886702855428
3505,31.061219351632253
3506,28.614009857177734
3507,35.812940979003905
3508,26.94048854282924
3509,26.52727426801409
3510,22.740707993507385
3511,23.431187788645428
3512,28.82253615061442
3513,22.79120667775472
3514,30.54836130142212
3515,24.836578914097377
3516,26.460506677627563
3517,28.048086047172546
3518,32.30032602945963
3519,25.798574288686115
3520,28.186602878570557
3521,27.150121212005615
3522,31.6735817193985
3523,31.38609226544698
3524,28.450053215026855
3525,27.736658732096355
3526,25.253321170806885
3527,29.648900304521835
3528,28.61881991795131
3529,22.109902381896973
3530,27.394930267333983
3531,33.99668757120768
3532,21.746028264363606
3533,31.59344539642334
3534,26.756542364756267
3535,36.295797620500835
3536,27.864450161273663
3537,28.160797437032063
3538,23.968225638071697
3539,27.27185281117757
3540,33.17533847263881
3541,28.37297534942627
3542,29.88271713256836
3543,30.84734567006429
3544,29.66068022591727
3545,26.126927852630615
3546,24.83028793334961
3547,25.42587884267171
3548,24.542176853526723
3549,33.73695911679949
3550,24.127209345499676
3551,27.341463088989258
3552,33.539467334747314
3553,25.537696732415093
3554,34.7066281636556
3555,31.688639640808105
3556,26.57941198348999
3557,29.80318489074707
3558,32.16651225090027
3559,26.341667731602985
3560,23.467011133829754
3561,26.15876340866089
3562,26.226179940359934
3563,29.851107597351074
3564,27.347903966903687
3565,34.20772663752238
3566,30.754929542541504
3567,27.16946570078532
3568,30.62389637873723
3569,30.906467291025017
3570,24.82089328765869
3571,27.45935042699178
3572,29.716919825627254
3573,27.894448121388752
3574,32.032956229315865
3575,28.400602068219865
3576,32.534112294514976
3577,25.00260934829712
3578,22.72703754901886
3579,28.727576862681996
3580,29.37446880340576
3581,25.21930588616265
3582,30.22920250892639
3583,24.8628210587935
3584,20.31677028111049
3585,33.853846867879234
3586,27.650662740071613
3587,32.031590143839516
3588,29.45192997272198
3589,30.429552396138508
3590,30.494885126749676
3591,36.33670016697475
3592,26.048966544015066
3593,29.260269355773925
3594,31.421801884969074
3595,22.21456988652547
3596,29.52552318572998
3597,24.31111967563629
3598,27.79056101375156
3599,25.93877585728963
3600,28.32386875152588
3601,24.82693576812744
3602,27.190308888753254
3603,26.313445704323904
3604,28.633039474487305
3605,25.97600483894348
3606,24.616187413533527
3607,22.067790985107422
3608,31.460451973809135
3609,35.86514663696289
3610,28.102206548055012
3611,32.818260192871094
3612,23.865849177042644
3613,26.929211722479927
3614,29.538167635599773
3615,29.026024745060848
3616,22.39330752690633
3617,27.79281489054362
3618,37.00709756215414
3619,27.5275205884661
3620,30.943522214889526
3621,26.213927745819092
3622,25.19069004058838
3623,33.13452617938702
3624,34.01888910929362
3625,26.836146036783855
3626,30.51446509361267
3627,30.087247371673584
3628,29.142104042900932
3629,30.170496582984924
3630,33.33595975240072
3631,29.6580753326416
3632,22.647367763519288
3633,27.649369512285507
3634,25.780866940816242
3635,31.15962518964495
3636,24.563414478302
3637,31.530134439468384
3638,26.69719584782918
3639,25.461758613586426
3640,26.15898007612962
3641,30.151273886362713
3642,23.302392959594727
3643,29.049263147207405
3644,26.39229861172763
3645,28.507327715555828
3646,29.95314089457194
3647,31.92172845204671
3648,23.226877848307293
3649,32.36098623275757
3650,25.49030261569553
3651,27.01255488395691
3652,28.711425675286186
3653,28.21170425415039
3654,25.920371850331623
3655,31.42497952779134
3656,24.665908813476562
3657,23.002897262573242
3658,29.132240613301594
3659,26.63723577771868
3660,33.636364459991455
3661,26.72581688563029
3662,23.80830446879069
3663,31.2527072429657
3664,29.899465918540955
3665,29.34800656636556
3666,31.835566520690918
3667,25.138049125671387
3668,23.929146766662598
3669,30.319180170694988
3670,30.767014265060425
3671,30.241978486378986
3672,31.441356976826984
3673,29.634576479593914
3674,28.08451121194022
3675,23.14847977956136
3676,30.578851381937664
3677,31.91953770319621
3678,27.702061462402344
3679,32.43418757120768
3680,30.729777971903484
3681,28.247214317321777
3682,23.825253582000734
3683,29.771585750579835
3684,28.90997247695923
3685,27.19643238612584
3686,30.304830404428337
3687,32.313868386404856
3688,21.725541432698567
3689,32.4028996687669
3690,26.18165545993381
3691,24.2249516248703
3692,28.307666397094728
3693,38.63335641225179
3694,27.68836131462684
3695,26.260018348693848
3696,27.06382703781128
3697,25.96710147857666
3698,28.97845729192098
3699,27.564743359883625
3700,29.88211997350057
3701,28.915540313720705
3702,32.5716339747111
3703,28.72910499572754
3704,25.029903411865234
3705,28.72091838291713
3706,24.490216915424053
3707,30.71417018345424
3708,30.39359543540261
3709,30.098756578233505
3710,28.532347043355305
3711,27.952888011932373
3712,18.797889709472656
3713,27.80672264099121
3714,24.53540005002703
3715,25.447322845458984
3716,23.819854259490967
3717,34.41809495290121
3718,44.965084075927734
3719,28.394397974014282
3720,31.29345432917277
3721,31.466244379679363
3722,24.729997634887695
3723,30.99536387125651
3724,28.498830159505207
3725,27.66670322418213
3726,23.744100689888
3727,31.656381607055664
3728,32.78404006958008
3729,31.315985997517902
3730,25.104586601257324
3731,27.77690944671631
3732,26.69269142150879
3733,28.842844009399414
3734,24.033212025960285
3735,28.25766553878784
3736,32.15395522117615
3737,24.191573715209962
3738,31.541171669960022
3739,26.54073969523112
3740,30.027694974626815
3741,31.574288368225098
3742,30.130300521850586
3743,26.954267183939617
3744,28.57238687787737
3745,30.897340774536133
3746,29.69302043914795
3747,32.8280611038208
3748,21.39248580932617
3749,29.41811529795329
3750,28.59283955891927
3751,25.864193439483643
3752,28.46196614778959
3753,23.757633527119953
3754,32.62480449676514
3755,21.7520393371582
3756,28.258313179016113
3757,27.36128086513943
3758,38.46858183542887
3759,32.70711003817045
3760,30.233214855194092
3761,24.477949460347492
3762,34.327765464782715
3763,32.725991566975914
3764,31.419727325439453
3765,28.763181686401367
3766,24.356019814809162
3767,36.095417499542236
3768,33.78192106882731
3769,30.986553192138672
3770,32.35742060343424
3771,31.599023818969727
3772,26.186904589335125
3773,29.663442611694336
3774,24.258058071136475
3775,23.87728786468506
3776,30.878331820170086
3777,28.015141169230144
3778,31.641962899102104
3779,35.130554623074005
3780,30.398399353027344
3781,24.247739383152553
3782,30.19902858734131
3783,29.048478889465333
3784,39.46883614857992
3785,33.92121039496528
3786,31.825407187143963
3787,26.235846678415935
3788,24.371668179829914
3789,25.307131247086957
3790,34.298244857788085
3791,29.661497116088867
3792,28.606933975219725
3793,31.684199714660643
3794,35.510559463500975
3795,32.33674216270447
3796,27.199177742004395
3797,33.1512228012085
3798,25.687833574083115
3799,24.95504198074341
3800,27.212220001220704
3801,33.789485931396484
3802,28.12177222115653
3803,27.754073333740234
3804,36.841431617736816
3805,22.825967597961426
3806,28.14489809672038
3807,30.801879119873046
3808,24.98368771870931
3809,31.21181583404541
3810,26.133758862813313
3811,25.30303897857666
3812,27.270028114318848
3813,22.985254923502605
3814,26.75452454884847
3815,31.48275883992513
3816,30.257351303100585
3817,30.737915992736816
3818,28.189412593841553
3819,28.5702387491862
3820,27.708282258775498
3821,26.385132217407225
3822,27.263833236694335
3823,26.063879776000977
3824,31.599044799804688
3825,33.282439613342284
3826,30.829771200815838
3827,30.78602345784505
3828,26.0232728322347
3829,28.90894432067871
3830,28.834425290425617
3831,24.895081361134846
3832,26.30846627553304
3833,30.104831377665203
3834,27.060372352600098
3835,30.645435333251953
3836,33.876383781433105
3837,28.094335556030273
3838,23.267932891845703
3839,29.634194231033327
3840,24.980436325073242
3841,22.60665988922119
3842,30.455366325378417
3843,32.72426438331604
3844,26.13288466135661
3845,22.606679916381836
3846,26.643126646677654
3847,28.293254375457764
3848,28.72648696899414
3849,29.144963836669923
3850,25.75420876911708
3851,33.51428031921387
3852,27.15518792470296
3853,28.837918758392334
3854,29.504466772079468
3855,28.429927587509155
3856,21.220932801564533
3857,25.14735734462738
3858,25.50676465034485
3859,42.881641705830894
3860,31.89636778831482
3861,23.950950077601842
3862,27.564378004807693
3863,30.92153549194336
3864,27.11927890777588
3865,30.281064987182617
3866,29.719303131103516
3867,30.978251139322918
3868,34.58673362731933
3869,29.756770133972168
3870,21.272042592366535
3871,24.893962224324543
3872,28.435794639587403
3873,31.911813735961914
3874,24.76298055648804
3875,31.92037296295166
3876,31.737002182006837
3877,26.909779624938963
3878,28.837288475036623
3879,27.683892726898193
3880,29.670376014709472
3881,30.933253622055055
3882,28.788497107369558
3883,29.223560333251953
3884,36.24818744659424
3885,28.517536242802937
3886,29.2863561630249
3887,28.634905285305447
3888,27.66594386100769
3889,24.532092094421387
3890,28.145596027374268
3891,29.39870524406433
3892,27.704415321350098
3893,26.10847692489624
3894,26.78061948503767
3895,31.23565896352132
3896,30.419653025540438
3897,31.91373920440674
3898,28.762741088867188
3899,30.553126435530814
3900,31.934221267700195
3901,29.084081530570984
3902,33.546754019601
3903,21.725804964701336
3904,23.841855497921216
3905,32.047811654897835
3906,27.75104300181071
3907,21.161842823028564
3908,27.27563007061298
3909,33.027493476867676
3910,28.583968775612966
3911,31.011934916178387
3912,27.037418937683107
3913,28.39355214436849
3914,26.610022163391115
3915,33.79128154118856
3916,27.40829372406006
3917,32.41643079121908
3918,24.14368200302124
3919,26.939680695533752
3920,31.456325848897297
3921,33.57818794250488
3922,28.071187210083007
3923,22.909194946289062
3924,27.483724117279053
3925,31.91786832809448
3926,23.997314771016438
3927,36.08561706542969
3928,28.27375211715698
3929,26.003363609313965
3930,32.69504960378011
3931,25.81218973795573
3932,27.297317186991375
3933,30.51971371968587
3934,32.695238749186196
3935,26.296703656514484
3936,26.96588032062237
3937,29.564412752787273
3938,26.208566885728104
3939,32.344496965408325
3940,28.689471331509676
3941,28.652074300325832
3942,35.96880316734314
3943,25.98827075958252
3944,32.89179515838623
3945,22.6662171681722
3946,24.61724281311035
3947,25.093461354573567
3948,26.07227071126302
3949,30.698265075683594
3950,31.899732271830242
3951,25.846338476453507
3952,28.040594418843586
3953,34.59985160827637
3954,27.90992800394694
3955,28.295888900756836
3956,30.116243171691895
3957,22.241851806640625
3958,30.95440951983134
3959,27.1740441755815
3960,29.191139030456544
3961,22.957409977912903
3962,27.652560472488403
3963,26.437229845258926
3964,30.405920452541775
3965,27.31080804552351
3966,28.89429627932035
3967,31.41777006785075
3968,29.66379083905901
3969,26.04332389831543
3970,25.78932081858317
3971,30.214810530344646
3972,29.98355466669256
3973,25.321736653645832
3974,29.096785333421494
3975,35.03283894062042
3976,37.185519790649415
3977,29.219935417175293
3978,23.47243091038295
3979,26.47176456451416
3980,24.28456211090088
3981,37.701192220052086
3982,30.23395586013794
3983,28.45689191818237
3984,27.58235804239909
3985,29.288681847708567
3986,27.451312637329103
3987,28.016815821329754
3988,29.323182741800945
3989,30.865706062316896
3990,29.394320487976074
3991,26.403379281361897
3992,28.39353344175551
3993,27.53265941143036
3994,23.388095378875732
3995,28.16817910330636
3996,30.670204094478063
3997,30.107098897298176
3998,24.660543823242186
3999,23.277932984488352
4000,36.001180013020836
4001,25.931487560272217
4002,30.682590866088866
4003,28.151069232395717
4004,28.966512362162273
4005,23.534212112426758
4006,33.08297824859619
4007,35.8468607266744
4008,29.513144810994465
4009,27.2241792678833
4010,25.95296637217204
4011,31.8520663579305
4012,27.064170201619465
4013,30.336022694905598
4014,33.78402757644653
4015,26.537744140625
4016,24.381097157796223
4017,29.28195794423421
4018,27.763880729675293
4019,24.456169923146565
4020,30.14202117919922
4021,42.60531997680664
4022,26.29486322402954
4023,27.48744297027588
4024,25.183301130930584
4025,26.030404567718506
4026,27.43108590443929
4027,35.40020942687988
4028,25.87524524101844
4029,28.182769230433873
